-- MySQL dump 10.13  Distrib 5.7.12, for Win64 (x86_64)
--
-- Host: localhost    Database: mobie
-- ------------------------------------------------------
-- Server version	5.7.12-log

/*!40101 SET @OLD_CHARACTER_SET_CLIENT=@@CHARACTER_SET_CLIENT */;
/*!40101 SET @OLD_CHARACTER_SET_RESULTS=@@CHARACTER_SET_RESULTS */;
/*!40101 SET @OLD_COLLATION_CONNECTION=@@COLLATION_CONNECTION */;
/*!40101 SET NAMES utf8 */;
/*!40103 SET @OLD_TIME_ZONE=@@TIME_ZONE */;
/*!40103 SET TIME_ZONE='+00:00' */;
/*!40014 SET @OLD_UNIQUE_CHECKS=@@UNIQUE_CHECKS, UNIQUE_CHECKS=0 */;
/*!40014 SET @OLD_FOREIGN_KEY_CHECKS=@@FOREIGN_KEY_CHECKS, FOREIGN_KEY_CHECKS=0 */;
/*!40101 SET @OLD_SQL_MODE=@@SQL_MODE, SQL_MODE='NO_AUTO_VALUE_ON_ZERO' */;
/*!40111 SET @OLD_SQL_NOTES=@@SQL_NOTES, SQL_NOTES=0 */;

--
-- Table structure for table `actors`
--

DROP TABLE IF EXISTS `actors`;
/*!40101 SET @saved_cs_client     = @@character_set_client */;
/*!40101 SET character_set_client = utf8 */;
CREATE TABLE `actors` (
  `act_id` bigint(20) NOT NULL AUTO_INCREMENT,
  `act_name` text NOT NULL,
  PRIMARY KEY (`act_id`)
) ENGINE=InnoDB AUTO_INCREMENT=1309 DEFAULT CHARSET=latin1;
/*!40101 SET character_set_client = @saved_cs_client */;

--
-- Dumping data for table `actors`
--

LOCK TABLES `actors` WRITE;
/*!40000 ALTER TABLE `actors` DISABLE KEYS */;
INSERT INTO `actors` VALUES (1,'Tim Robbins'),(2,'Morgan Freeman'),(3,'Bob Gunton'),(4,'William Sadler'),(5,'Malcolm McDowell'),(6,'Patrick Magee'),(7,'Michael Bates'),(8,'Warren Clarke'),(9,'Min-sik Choi'),(10,'Ji-tae Yu'),(11,'Hye-jeong Kang'),(12,'Dae-han Ji'),(13,'Montgomery Clift'),(14,'Elizabeth Taylor'),(15,'Shelley Winters'),(16,'Anne Revere'),(17,'Chocolate'),(18,'Dangerous'),(19,'Mocha'),(20,'Matt Damon'),(21,'Franka Potente'),(22,'Brian Cox'),(23,'Julia Stiles'),(24,'Phil Harris'),(25,'Sebastian Cabot'),(26,'Bruce Reitherman'),(27,'George Sanders'),(28,'Sonny Bono'),(29,'Ruth Brown'),(30,'Divine'),(31,'Debbie Harry'),(32,'Leonardo DiCaprio'),(33,'Kate Winslet'),(34,'Billy Zane'),(35,'Kathy Bates'),(36,'Cary Grant'),(37,'Katharine Hepburn'),(38,'James Stewart'),(39,'Ruth Hussey'),(40,'Charlton Heston'),(41,'Jack Hawkins'),(42,'Haya Harareet'),(43,'Stephen Boyd'),(44,'Mark Hamill'),(45,'Harrison Ford'),(46,'Carrie Fisher'),(47,'Peter Cushing'),(48,'Ion Fiscuteanu'),(49,'Luminita Gheorghiu'),(50,'Doru Ana'),(51,'Dorian Boguta'),(52,'Al Pacino'),(53,'Jack Lemmon'),(54,'Alec Baldwin'),(55,'Alan Arkin'),(56,'Martin Balsam'),(57,'John Fiedler'),(58,'Lee J. Cobb'),(59,'E.G. Marshall'),(60,'Ewan McGregor'),(61,'Ewen Bremner'),(62,'Jonny Lee Miller'),(63,'Kevin McKidd'),(64,'Robert De Niro'),(65,'Harvey Keitel'),(66,'David Proval'),(67,'Amy Robinson'),(68,'Robert Mitchum'),(69,'Lillian Gish'),(70,'James Gleason'),(71,'John Cusack'),(72,'Iben Hjejle'),(73,'Todd Louiso'),(74,'Jack Black'),(75,'Roy Scheider'),(76,'Jessica Lange'),(77,'Leland Palmer'),(78,'Ann Reinking'),(79,'Fay Wray'),(80,'Robert Armstrong'),(81,'Bruce Cabot'),(82,'Frank Reicher'),(83,'Arnold Schwarzenegger'),(84,'Carl Weathers'),(85,'Elpidia Carrillo'),(86,'Bill Duke'),(87,'Michael Douglas'),(88,'Glenn Close'),(89,'Anne Archer'),(90,'Ellen Latzen'),(91,'Shia LaBeouf'),(92,'Megan Fox'),(93,'Josh Duhamel'),(94,'Tyrese Gibson'),(95,'Cameron Diaz'),(96,'Ned Bellamy'),(97,'Eric Weinstein'),(98,'John Phillip Law'),(99,'Marisa Mell'),(100,'Michel Piccoli'),(101,'Adolfo Celi'),(102,'Martina Gedeck'),(103,'Ulrich Mühe'),(104,'Sebastian Koch'),(105,'Ulrich Tukur'),(106,'Edward Norton'),(107,'Brad Pitt'),(108,'Meat Loaf'),(109,'Zach Grenier'),(110,'Simon Pegg'),(111,'Martin Freeman'),(112,'Bill Nighy'),(113,'Robert Popper'),(114,'Dolly Read'),(115,'Cynthia Myers'),(116,'Marcia McBroom'),(117,'John Lazar'),(118,'Toshirô Mifune'),(119,'Takashi Shimura'),(120,'Keiko Tsushima'),(121,'Yukiko Shimazaki'),(122,'Robert Duvall'),(123,'Diane Keaton'),(124,'Dustin Hoffman'),(125,'Teri Garr'),(126,'Dabney Coleman'),(127,'Leigh Whannell'),(128,'Cary Elwes'),(129,'Danny Glover'),(130,'Ken Leung'),(131,'Mike Starr'),(132,'Paul Herman'),(133,'Don Pardo'),(134,'Martin Rosenblatt'),(135,'Burt Lancaster'),(136,'Claudia Cardinale'),(137,'Alain Delon'),(138,'Paolo Stoppa'),(139,'Scott Baio'),(140,'Florrie Dugger'),(141,'Jodie Foster'),(142,'John Cassisi'),(143,'Laurence Olivier'),(144,'Joan Fontaine'),(145,'Judith Anderson'),(146,'Marcello Mastroianni'),(147,'Anita Ekberg'),(148,'Anouk Aimée'),(149,'Yvonne Furneaux'),(150,'John Wayne'),(151,'Jeffrey Hunter'),(152,'Vera Miles'),(153,'Ward Bond'),(154,'Clint Eastwood'),(155,'Harry Guardino'),(156,'Reni Santoni'),(157,'John Vernon'),(158,'Anthony Perkins'),(159,'John Gavin'),(160,'Janet Leigh'),(161,'James Dean'),(162,'Natalie Wood'),(163,'Sal Mineo'),(164,'Jim Backus'),(165,'Daniel Craig'),(166,'Eva Green'),(167,'Mads Mikkelsen'),(168,'Judi Dench'),(169,'Gregory Peck'),(170,'John Megna'),(171,'Frank Overton'),(172,'Rosemary Murphy'),(173,'Tom Cruise'),(174,'Cuba Gooding Jr.'),(175,'Renée Zellweger'),(176,'Kelly Preston'),(177,'Robin Williams'),(178,'Forest Whitaker'),(179,'Tung Thanh Tran'),(180,'Chintara Sukapatana'),(181,'Robert Blake'),(182,'Billy Green Bush'),(183,'Mitchell Ryan'),(184,'Jeannine Riley'),(185,'Allan Corduner'),(186,'Dexter Fletcher'),(187,'Sukie Smith'),(188,'Roger Heathcott'),(189,'Sergio Corrieri'),(190,'Salvador Wood'),(191,'José Gallardo'),(192,'Raúl García'),(193,'Jon Voight'),(194,'Sylvia Miles'),(195,'John McGiver'),(196,'Keir Dullea'),(197,'Gary Lockwood'),(198,'William Sylvester'),(199,'Daniel Richter'),(200,'Stanley Baker'),(201,'Ulla Jacobsson'),(202,'James Booth'),(203,'Robert Downey Jr.'),(204,'Terrence Howard'),(205,'Jeff Bridges'),(206,'Gwyneth Paltrow'),(207,'Graham Chapman'),(208,'John Cleese'),(209,'Eric Idle'),(210,'Terry Gilliam'),(211,'Minnie Driver'),(212,'Dan Aykroyd'),(213,'Gene Hackman'),(214,'Fernando Rey'),(215,'Tony Lo Bianco'),(216,'Henry Fonda'),(217,'Jason Robards'),(218,'Charles Bronson'),(219,'Audrey Hepburn'),(220,'Eddie Albert'),(221,'Hartley Power'),(222,'Yun-Fat Chow'),(223,'Danny Lee'),(224,'Sally Yeh'),(225,'Kong Chu'),(226,'Warren Beatty'),(227,'Julie Christie'),(228,'Goldie Hawn'),(229,'Lee Grant'),(230,'Kelly McGillis'),(231,'Val Kilmer'),(232,'Anthony Edwards'),(233,'Mandy Patinkin'),(234,'Chris Sarandon'),(235,'Christopher Guest'),(236,'James Fox'),(237,'Mick Jagger'),(238,'Anita Pallenberg'),(239,'Michèle Breton'),(240,'Paul Giamatti'),(241,'Thomas Haden Church'),(242,'Virginia Madsen'),(243,'Sandra Oh'),(244,'N/A'),(245,'Johnny Depp'),(246,'Helena Bonham Carter'),(247,'Alan Rickman'),(248,'Timothy Spall'),(249,'Nicole Kidman'),(250,'John Leguizamo'),(251,'Jim Broadbent'),(252,'Peter Weller'),(253,'Nancy Allen'),(254,'Dan O\'Herlihy'),(255,'Ronny Cox'),(256,'Matthew Broderick'),(257,'Reese Witherspoon'),(258,'Chris Klein'),(259,'Jessica Campbell'),(260,'Matthew Modine'),(261,'Adam Baldwin'),(262,'Vincent D\'Onofrio'),(263,'R. Lee Ermey'),(264,'Humphrey Bogart'),(265,'Ingrid Bergman'),(266,'Paul Henreid'),(267,'Claude Rains'),(268,'Grace Kelly'),(269,'Wendell Corey'),(270,'Thelma Ritter'),(271,'William H. Macy'),(272,'Steve Buscemi'),(273,'Peter Stormare'),(274,'Kristin Rudrüd'),(275,'Jack Nance'),(276,'Charlotte Stewart'),(277,'Allen Joseph'),(278,'Jeanne Bates'),(279,'Jack Nicholson'),(280,'Maria Schneider'),(281,'Jenny Runacre'),(282,'Ian Hendry'),(283,'Tom Hanks'),(284,'Elizabeth Perkins'),(285,'Robert Loggia'),(286,'John Heard'),(287,'Tim Roth'),(288,'Amanda Plummer'),(289,'Laura Lovelace'),(290,'John Travolta'),(291,'Lili Taylor'),(292,'Christopher Walken'),(293,'Annabella Sciorra'),(294,'Edie Falco'),(295,'Liza Minnelli'),(296,'Michael York'),(297,'Helmut Griem'),(298,'Joel Grey'),(299,'Anjelica Huston'),(300,'Ben Stiller'),(301,'Estela Inda'),(302,'Miguel Inclán'),(303,'Alfonso Mejía'),(304,'Roberto Cobo'),(305,'Richard Attenborough'),(306,'Hermione Baddeley'),(307,'William Hartnell'),(308,'Harcourt Williams'),(309,'Hugh Jackman'),(310,'Christian Bale'),(311,'Michael Caine'),(312,'Piper Perabo'),(313,'Pam Grier'),(314,'Samuel L. Jackson'),(315,'Robert Forster'),(316,'Bridget Fonda'),(317,'Michael Keaton'),(318,'Kim Basinger'),(319,'Robert Wuhl'),(320,'Rebecca Williams'),(321,'Sally Field'),(322,'Michael Conner Humphreys'),(323,'Steve McQueen'),(324,'James Garner'),(325,'James Donald'),(326,'Peter Sellers'),(327,'George C. Scott'),(328,'Sterling Hayden'),(329,'Keenan Wynn'),(330,'Brent Butt'),(331,'Dana Gould'),(332,'Kevin Rooney'),(333,'Melissa Samuels'),(334,'Ralph Fiennes'),(335,'Juliette Binoche'),(336,'Willem Dafoe'),(337,'Kristin Scott Thomas'),(338,'Patton Oswalt'),(339,'Ian Holm'),(340,'Lou Romano'),(341,'Brian Dennehy'),(342,'Britt Ekland'),(343,'John Osborne'),(344,'Mary Astor'),(345,'Gladys George'),(346,'Peter Lorre'),(347,'Kristin Holt'),(348,'Christian Slater'),(349,'Patricia Arquette'),(350,'Dennis Hopper'),(351,'Jean Simmons'),(352,'Carroll Baker'),(353,'Jean-Hugues Anglade'),(354,'Béatrice Dalle'),(355,'Gérard Darmon'),(356,'Consuelo De Haviland'),(357,'Lars Nordh'),(358,'Stefan Larsson'),(359,'Bengt C.W. Carlsson'),(360,'Torbjörn Fahlström'),(361,'Sean Connery'),(362,'Honor Blackman'),(363,'Gert Fröbe'),(364,'Shirley Eaton'),(365,'Kirk Douglas'),(366,'Charles Laughton'),(367,'Jürgen Prochnow'),(368,'Herbert Grönemeyer'),(369,'Klaus Wennemann'),(370,'Hubertus Bengsch'),(371,'Anne Wiazemsky'),(372,'Walter Green'),(373,'François Lafarge'),(374,'Jean-Claude Guilbert'),(375,'Patrick Stewart'),(376,'Ian McKellen'),(377,'Halle Berry'),(378,'Lino Ventura'),(379,'Paul Meurisse'),(380,'Jean-Pierre Cassel'),(381,'Simone Signoret'),(382,'Aleksei Ananishnov'),(383,'Gudrun Geyer'),(384,'Peter Finch'),(385,'Glenda Jackson'),(386,'Murray Head'),(387,'Peggy Ashcroft'),(388,'Walter Huston'),(389,'Tim Holt'),(390,'Bruce Bennett'),(391,'Brandon Routh'),(392,'Kate Bosworth'),(393,'Kevin Spacey'),(394,'James Marsden'),(395,'Joe Dallesandro'),(396,'Geraldine Smith'),(397,'Patti D\'Arbanville'),(398,'Candy Darling'),(399,'Danny Aiello'),(400,'Ossie Davis'),(401,'Ruby Dee'),(402,'Richard Edson'),(403,'Sam Neill'),(404,'Laura Dern'),(405,'Jeff Goldblum'),(406,'Woody Allen'),(407,'Georges Adet'),(408,'Frank Adu'),(409,'Albert Brooks'),(410,'Ellen DeGeneres'),(411,'Alexander Gould'),(412,'James Robinson'),(413,'Sean Lawlor'),(414,'Sandy Nelson'),(415,'James Cosmo'),(416,'Bette Davis'),(417,'Anne Baxter'),(418,'Celeste Holm'),(419,'Rene Auberjonois'),(420,'William Devane'),(421,'Rumi Hiiragi'),(422,'Miyu Irino'),(423,'Mari Natsuki'),(424,'Takashi Naitô'),(425,'Mel Gibson'),(426,'Sigourney Weaver'),(427,'Linda Hunt'),(428,'Michael Murphy'),(429,'John Belushi'),(430,'James Brown'),(431,'Cab Calloway'),(432,'Tony Roberts'),(433,'Carol Kane'),(434,'Silvia Pinal'),(435,'Francisco Rabal'),(436,'José Calvo'),(437,'Jason London'),(438,'Joey Lauren Adams'),(439,'Milla Jovovich'),(440,'Shawn Andrews'),(441,'Yves Montand'),(442,'Charles Vanel'),(443,'Folco Lulli'),(444,'Peter van Eyck'),(445,'Jean-Paul Belmondo'),(446,'Serge Reggiani'),(447,'Jean Desailly'),(448,'René Lefèvre'),(449,'Geoffrey Rush'),(450,'Orlando Bloom'),(451,'Keira Knightley'),(452,'Olivia Newton-John'),(453,'Stockard Channing'),(454,'Jeff Conaway'),(455,'James Woods'),(456,'Kathleen Turner'),(457,'Kirsten Dunst'),(458,'Josh Hartnett'),(459,'Liam Neeson'),(460,'Natalie Portman'),(461,'Jake Lloyd'),(462,'Marlon Brando'),(463,'Martin Sheen'),(464,'Frederic Forrest'),(465,'Irene Papas'),(466,'Jean-Louis Trintignant'),(467,'Jacques Perrin'),(468,'Linda Darnell'),(469,'Victor Mature'),(470,'Cathy Downs'),(471,'Stephen Baldwin'),(472,'Gabriel Byrne'),(473,'Benicio Del Toro'),(474,'Kevin Pollak'),(475,'Bruce Willis'),(476,'Haley Joel Osment'),(477,'Toni Collette'),(478,'Olivia Williams'),(479,'Eva Marie Saint'),(480,'James Mason'),(481,'Jessie Royce Landis'),(482,'Sharon Stone'),(483,'Joe Pesci'),(484,'Kate Ashfield'),(485,'Nick Frost'),(486,'Lucy Davis'),(487,'Claire Danes'),(488,'Harold Perrineau'),(489,'Celia Johnson'),(490,'Trevor Howard'),(491,'Stanley Holloway'),(492,'Joyce Carey'),(493,'Yul Brynner'),(494,'Eli Wallach'),(495,'Ellen Burstyn'),(496,'Jared Leto'),(497,'Jennifer Connelly'),(498,'Marlon Wayans'),(499,'Vincent Cassel'),(500,'Hubert Koundé'),(501,'Saïd Taghmaoui'),(502,'Abdel Ahmed Ghili'),(503,'Tobey Maguire'),(504,'Ellen Barkin'),(505,'Max von Sydow'),(506,'Kitty Winn'),(507,'Jessica Harper'),(508,'Stefania Casini'),(509,'Flavio Bucci'),(510,'Miguel Bosé'),(511,'Anne Bancroft'),(512,'Katharine Ross'),(513,'William Daniels'),(514,'Antonella Attili'),(515,'Enzo Cannavale'),(516,'Isa Danieli'),(517,'Leo Gullotta'),(518,'Mariel Hemingway'),(519,'Billy Dee Williams'),(520,'Luis Guzmán'),(521,'Burt Reynolds'),(522,'Julianne Moore'),(523,'Rico Bueno'),(524,'Edward Woodward'),(525,'Christopher Lee'),(526,'Diane Cilento'),(527,'Paul Scofield'),(528,'Wendy Hiller'),(529,'Leo McKern'),(530,'Robert Shaw'),(531,'Tatsuya Nakadai'),(532,'Yôko Tsukasa'),(533,'Isuzu Yamada'),(534,'Bruce Campbell'),(535,'Embeth Davidtz'),(536,'Marcus Gilbert'),(537,'Ian Abercrombie'),(538,'David Strathairn'),(539,'Scott Glenn'),(540,'Talia Shire'),(541,'Andy Garcia'),(542,'Tim Allen'),(543,'Don Rickles'),(544,'Jim Varney'),(545,'Billy Crudup'),(546,'Frances McDormand'),(547,'Kate Hudson'),(548,'Jason Lee'),(549,'Naomi Watts'),(550,'Dan Birnbaum'),(551,'Laura Harring'),(552,'Linda Hamilton'),(553,'Edward Furlong'),(554,'Robert Patrick'),(555,'Sissy Spacek'),(556,'Piper Laurie'),(557,'Amy Irving'),(558,'William Katt'),(559,'Terry Potter'),(560,'Pete O\'Herne'),(561,'Craig Smith'),(562,'Mike Minett'),(563,'Jim Carrey'),(564,'Gerry Robert Byrne'),(565,'Elijah Wood'),(566,'Orson Welles'),(567,'Joseph Calleia'),(568,'Ellen Page'),(569,'Michael Cera'),(570,'Jennifer Garner'),(571,'Jason Bateman'),(572,'John Saxon'),(573,'Ronee Blakley'),(574,'Heather Langenkamp'),(575,'Amanda Wyss'),(576,'Kevin Costner'),(577,'Mary McDonnell'),(578,'Graham Greene'),(579,'Rodney A. Grant'),(580,'Shin\'ichi Himori'),(581,'Haruo Tanaka'),(582,'Minoru Chiaki'),(583,'Emilio Echevarría'),(584,'Gael García Bernal'),(585,'Goya Toledo'),(586,'Álvaro Guerrero'),(587,'Isabella Rossellini'),(588,'Kyle MacLachlan'),(589,'Jonathan Pryce'),(590,'Katherine Helmond'),(591,'Saoirse Ronan'),(592,'Ailidh Mackay'),(593,'Brenda Blethyn'),(594,'Julia West'),(595,'Scarlett Johansson'),(596,'Bill Murray'),(597,'Akiko Takeshita'),(598,'Kazuyoshi Minamimagoe'),(599,'Gerard Butler'),(600,'Lena Headey'),(601,'Dominic West'),(602,'David Wenham'),(603,'Karina Arroyave'),(604,'Dato Bakhtadze'),(605,'Sandra Bullock'),(606,'Don Cheadle'),(607,'Richard Dreyfuss'),(608,'François Truffaut'),(609,'Melinda Dillon'),(610,'Brandon Lee'),(611,'Rochelle Davis'),(612,'Ernie Hudson'),(613,'Michael Wincott'),(614,'Joe Belcher'),(615,'David Naughton'),(616,'Griffin Dunne'),(617,'David Schofield'),(618,'John Cazale'),(619,'John Savage'),(620,'Paul Newman'),(621,'George Kennedy'),(622,'J.D. Cannon'),(623,'Lou Antonio'),(624,'Donald Pleasence'),(625,'Jamie Lee Curtis'),(626,'Nancy Kyes'),(627,'P.J. Soles'),(628,'Alan Howard'),(629,'Noel Appleby'),(630,'Sean Astin'),(631,'Sala Baker'),(632,'Bill Bernstein'),(633,'Martin Landau'),(634,'Claire Bloom'),(635,'Stephanie Roth Haberle'),(636,'Brian O\'Halloran'),(637,'Jeff Anderson'),(638,'Marilyn Ghigliotti'),(639,'Lisa Spoonauer'),(640,'Robby Benson'),(641,'Jesse Corti'),(642,'Rex Everhart'),(643,'Angela Lansbury'),(644,'Karl Malden'),(645,'Rod Steiger'),(646,'Lamberto Maggiorani'),(647,'Enzo Staiola'),(648,'Lianella Carell'),(649,'Gino Saltamerenda'),(650,'Clive Owen'),(651,'Juan Gabriel Yacuzzi'),(652,'Mishal Husain'),(653,'Clark Gable'),(654,'Marilyn Monroe'),(655,'Keanu Reeves'),(656,'Laurence Fishburne'),(657,'Carrie-Anne Moss'),(658,'Hugo Weaving'),(659,'Elliott Gould'),(660,'Nina van Pallandt'),(661,'Mark Rydell'),(662,'Dean Martin'),(663,'Ricky Nelson'),(664,'Angie Dickinson'),(665,'Aleksandr Antonov'),(666,'Vladimir Barsky'),(667,'Grigori Aleksandrov'),(668,'Ivan Bobrov'),(669,'Josephine Hull'),(670,'Peggy Dow'),(671,'Charles Drake'),(672,'Nick Nolte'),(673,'Jim Caviezel'),(674,'Sean Penn'),(675,'Elias Koteas'),(676,'Viggo Mortensen'),(677,'Maria Bello'),(678,'Ed Harris'),(679,'William Hurt'),(680,'Mary-Louise Parker'),(681,'Brooklynn Proulx'),(682,'Dustin Bollinger'),(683,'The Band'),(684,'Rick Danko'),(685,'Robbie Robertson'),(686,'Richard Manuel'),(687,'Emilio Estevez'),(688,'Paul Gleason'),(689,'Anthony Michael Hall'),(690,'John Kapelos'),(691,'Jennifer Grey'),(692,'Patrick Swayze'),(693,'Jerry Orbach'),(694,'Cynthia Rhodes'),(695,'Ellen Widmann'),(696,'Inge Landgut'),(697,'Otto Wernicke'),(698,'Billy Bob Thornton'),(699,'John DiMaggio'),(700,'Fernando Fernán-Gómez'),(701,'Teresa Gimpera'),(702,'Ana Torrent'),(703,'Isabel Tellería'),(704,'Joe Morton'),(705,'Elvis Presley'),(706,'Judy Tyler'),(707,'Mickey Shaughnessy'),(708,'Vaughn Taylor'),(709,'Fred Astaire'),(710,'Kay Thompson'),(711,'Michel Auclair'),(712,'Joseph Gordon-Levitt'),(713,'Nora Zehetner'),(714,'Lukas Haas'),(715,'Noah Fleiss'),(716,'Samantha Morton'),(717,'Bill Weston'),(718,'Jeremy McCurdie'),(719,'F. Murray Abraham'),(720,'Tom Hulce'),(721,'Elizabeth Berridge'),(722,'Roy Dotrice'),(723,'Michael J. Fox'),(724,'Christopher Lloyd'),(725,'Lea Thompson'),(726,'Thomas F. Wilson'),(727,'Kate Capshaw'),(728,'Jonathan Ke Quan'),(729,'Amrish Puri'),(730,'Rosalind Russell'),(731,'Ralph Bellamy'),(732,'Gene Lockhart'),(733,'Helen Hunt'),(734,'Greg Kinnear'),(735,'Freda Dowie'),(736,'Pete Postlethwaite'),(737,'Angela Walsh'),(738,'Dean Williams'),(739,'Peter Falk'),(740,'Gena Rowlands'),(741,'Fred Draper'),(742,'Lady Rowlands'),(743,'Gene Kelly'),(744,'Frank Sinatra'),(745,'Betty Garrett'),(746,'Ann Miller'),(747,'Heath Ledger'),(748,'Jake Gyllenhaal'),(749,'Randy Quaid'),(750,'Valerie Planche'),(751,'John Robinson'),(752,'Emile Hirsch'),(753,'Rebecca De Mornay'),(754,'William Mapother'),(755,'John Goodman'),(756,'Billy Crystal'),(757,'Mary Gibbs'),(758,'James Caan'),(759,'Richard S. Castellano'),(760,'Ray Liotta'),(761,'Lorraine Bracco'),(762,'Tom Hardy'),(763,'Jamie Foreman'),(764,'Sally Hawkins'),(765,'Steven Bauer'),(766,'Michelle Pfeiffer'),(767,'Mary Elizabeth Mastrantonio'),(768,'Bourvil'),(769,'Gian Maria Volontè'),(770,'Christopher Plummer'),(771,'Saeed Jaffrey'),(772,'Jean-Pierre Léaud'),(773,'Claire Maurier'),(774,'Albert Rémy'),(775,'Guy Decomble'),(776,'Xander Berkeley'),(777,'Dean Norris'),(778,'Julie Burgess'),(779,'Drew Barrymore'),(780,'Roger Jackson'),(781,'Kevin Patrick Walls'),(782,'David Booth'),(783,'Sally Kirkland'),(784,'Anthony Ramirez'),(785,'Ray LePere'),(786,'Steve Reed'),(787,'Linda Fiorentino'),(788,'Bill Pullman'),(789,'Michael Raysses'),(790,'Zack Phifer'),(791,'George Clooney'),(792,'Jennifer Lopez'),(793,'Jim Robinson'),(794,'Mike Malone'),(795,'Richard Gere'),(796,'Brooke Adams'),(797,'Sam Shepard'),(798,'Linda Manz'),(799,'Claudette Colbert'),(800,'Walter Connolly'),(801,'Roscoe Karns'),(802,'Vladimir Garin'),(803,'Ivan Dobronravov'),(804,'Konstantin Lavronenko'),(805,'Nataliya Vdovina'),(806,'Dudley Moore'),(807,'John Gielgud'),(808,'Geraldine Fitzgerald'),(809,'Laurence Harvey'),(810,'Dirk Bogarde'),(811,'José Luis de Vilallonga'),(812,'Chaoming Cui'),(813,'Wei Li'),(814,'Yu Shi'),(815,'Wei Wei'),(816,'Nathan Fillion'),(817,'Gina Torres'),(818,'Alan Tudyk'),(819,'Morena Baccarin'),(820,'Tony Musante'),(821,'Suzy Kendall'),(822,'Enrico Maria Salerno'),(823,'Eva Renzi'),(824,'Woody Harrelson'),(825,'Juliette Lewis'),(826,'Tom Sizemore'),(827,'Rodney Dangerfield'),(828,'Marita Breuer'),(829,'Kurt Wagner'),(830,'Rüdiger Weigang'),(831,'Eva Maria Schneider'),(832,'Tony Curtis'),(833,'George Raft'),(834,'Marcia Gay Harden'),(835,'Jena Malone'),(836,'Virginia McCollam'),(837,'John McConnell'),(838,'Deborah Kerr'),(839,'Peter Wyngarde'),(840,'Megs Jenkins'),(841,'Michael Redgrave'),(842,'Meg Ryan'),(843,'Bruno Kirby'),(844,'Zasu Pitts'),(845,'Gibson Gowland'),(846,'Jean Hersholt'),(847,'Dale Fuller'),(848,'Howard Keel'),(849,'Jeff Richards'),(850,'Russ Tamblyn'),(851,'Tommy Rall'),(852,'Marius Goring'),(853,'Jean Short'),(854,'Gordon Littmann'),(855,'Julia Lang'),(856,'Robert Redford'),(857,'Charles Durning'),(858,'Barbara Stanwyck'),(859,'Charles Coburn'),(860,'Eugene Pallette'),(861,'Zach Braff'),(862,'Kenneth Graymez'),(863,'George C. Wolfe'),(864,'Austin Lysy'),(865,'Tommy Lee Jones'),(866,'Javier Bardem'),(867,'Josh Brolin'),(868,'Thora Birch'),(869,'Brad Renfro'),(870,'Ethan Hawke'),(871,'Julie Delpy'),(872,'Vernon Dobtcheff'),(873,'Louise Lemoine Torrès'),(874,'Bruno S.'),(875,'Walter Ladengast'),(876,'Brigitte Mira'),(877,'Willy Semmelrogge'),(878,'Ali Astin'),(879,'David Aston'),(880,'Tom Berenger'),(881,'Keith David'),(882,'Michael Biehn'),(883,'Paul Winfield'),(884,'Tom Skerritt'),(885,'Veronica Cartwright'),(886,'Harry Dean Stanton'),(887,'Cecelia Ann Birt'),(888,'Paul L. Nolan'),(889,'Carol Florence'),(890,'Alexandre Rodrigues'),(891,'Leandro Firmino'),(892,'Phellipe Haagensen'),(893,'Douglas Silva'),(894,'Hoyt Axton'),(895,'John Louie'),(896,'Keye Luke'),(897,'Don Steele'),(898,'Valeria Golino'),(899,'Gerald R. Molen'),(900,'Akira Terao'),(901,'Jinpachi Nezu'),(902,'Daisuke Ryû'),(903,'Adam Pascal'),(904,'Lucas Papaelias'),(905,'Chris Stack'),(906,'Shirley MacLaine'),(907,'Melvyn Douglas'),(908,'Jack Warden'),(909,'Lorraine Gary'),(910,'Joseph Cotten'),(911,'Dorothy Comingore'),(912,'Agnes Moorehead'),(913,'Ruth Warrick'),(914,'Tatsuya Fujiwara'),(915,'Aki Maeda'),(916,'Tarô Yamamoto'),(917,'Takeshi Kitano'),(918,'Ron Howard'),(919,'Paul Le Mat'),(920,'Charles Martin Smith'),(921,'Klaus Bondam'),(922,'Trine Dyrholm'),(923,'Thomas Bo Larsen'),(924,'Henning Moritzen'),(925,'Rob Reiner'),(926,'Kimberly Stringer'),(927,'Chazz Dominguez'),(928,'Shari Hall'),(929,'Joel McCrea'),(930,'Rudy Vallee'),(931,'Margaret Lockwood'),(932,'Paul Lukas'),(933,'Dame May Whitty'),(934,'Dolores Costello'),(935,'Thomas Mitchell'),(936,'Barbara O\'Neil'),(937,'Vivien Leigh'),(938,'Evelyn Keyes'),(939,'John Lithgow'),(940,'Dennis Franz'),(941,'Flora Robson'),(942,'Jenny Laird'),(943,'Judith Furse'),(944,'Pat Healy'),(945,'Genevieve Zweig'),(946,'Mark Flannagan'),(947,'Neil Flynn'),(948,'Amy Madigan'),(949,'Gaby Hoffmann'),(950,'Michelle Yeoh'),(951,'Ziyi Zhang'),(952,'Chen Chang'),(953,'Will Ferrell'),(954,'Christina Applegate'),(955,'Paul Rudd'),(956,'Steve Carell'),(957,'Pascal Benezech'),(958,'Dominique Pinon'),(959,'Marie-Laure Dougnac'),(960,'Jean-Claude Dreyfus'),(961,'Chishû Ryû'),(962,'Chieko Higashiyama'),(963,'Setsuko Hara'),(964,'Haruko Sugimura'),(965,'Adam Goldberg'),(966,'Daniel Brühl'),(967,'Marie Pillet'),(968,'Peter Riegert'),(969,'Fulton Mackay'),(970,'Denis Lawson'),(971,'Dennis Quaid'),(972,'Dennis Haysbert'),(973,'Patricia Clarkson'),(974,'Nora Gregor'),(975,'Paulette Dubost'),(976,'Mila Parély'),(977,'Odette Talazac'),(978,'Ruth Gordon'),(979,'Bud Cort'),(980,'Vivian Pickles'),(981,'Cyril Cusack'),(982,'Myrna Loy'),(983,'Fredric March'),(984,'Dana Andrews'),(985,'Teresa Wright'),(986,'Joan Cusack'),(987,'Kelsey Grammer'),(988,'Annette Bening'),(989,'Wes Bentley'),(990,'Cleavon Little'),(991,'Gene Wilder'),(992,'Slim Pickens'),(993,'Harvey Korman'),(994,'Justin Theroux'),(995,'Josh Lucas'),(996,'Bill Sage'),(997,'Kyôko Kagawa'),(998,'Tatsuya Mihashi'),(999,'Lawrence A. Bonney'),(1000,'Kasi Lemmons'),(1001,'Lawrence T. Wrentz'),(1002,'Kim Novak'),(1003,'Barbara Bel Geddes'),(1004,'Tom Helmore'),(1005,'Louis Calhern'),(1006,'Susan Harrison'),(1007,'Martin Milner'),(1008,'Wil Wheaton'),(1009,'River Phoenix'),(1010,'Corey Feldman'),(1011,'Jerry O\'Connell'),(1012,'Diahnne Abbott'),(1013,'Victor Argo'),(1014,'Gino Ardito'),(1015,'Fred MacMurray'),(1016,'Edward G. Robinson'),(1017,'Porter Hall'),(1018,'Jason Schwartzman'),(1019,'Seymour Cassel'),(1020,'Mark Ruffalo'),(1021,'Winona Ryder'),(1022,'Dianne Wiest'),(1023,'Hugh Grant'),(1024,'James Fleet'),(1025,'Simon Callow'),(1026,'John Hannah'),(1027,'Sylvester Stallone'),(1028,'Burt Young'),(1029,'Faye Dunaway'),(1030,'John Huston'),(1031,'Perry Lopez'),(1032,'Axel Jodorowsky'),(1033,'Blanca Guerra'),(1034,'Guy Stockwell'),(1035,'Thelma Tixou'),(1036,'François Périer'),(1037,'Nathalie Delon'),(1038,'Cathy Rosier'),(1039,'Machiko Kyô'),(1040,'Masayuki Mori'),(1041,'François Leterrier'),(1042,'Charles Le Clainche'),(1043,'Maurice Beerblock'),(1044,'Roland Monod'),(1045,'Scott Weinger'),(1046,'Linda Larkin'),(1047,'Jonathan Freeman'),(1048,'James Franco'),(1049,'Alfred Molina'),(1050,'Simone Mareuil'),(1051,'Pierre Batcheff'),(1052,'Pascal Lamorisse'),(1053,'Georges Sellier'),(1054,'Vladimir Popov'),(1055,'Paul Perey'),(1056,'Bob Hoskins'),(1057,'Joanna Cassidy'),(1058,'Charles Fleischer'),(1059,'Klaus Kinski'),(1060,'José Lewgoy'),(1061,'Miguel Ángel Fuentes'),(1062,'Karen Allen'),(1063,'Paul Freeman'),(1064,'Ronald Lacey'),(1065,'Eric Portman'),(1066,'Sheila Sim'),(1067,'Dennis Price'),(1068,'John Sweet'),(1069,'Walter Brennan'),(1070,'Lauren Bacall'),(1071,'Dolores Moran'),(1072,'Robin Wright'),(1073,'Spencer Treat Clark'),(1074,'Lizzy Caplan'),(1075,'Jessica Lucas'),(1076,'T.J. Miller'),(1077,'Michael Stahl-David'),(1078,'Richard Crenna'),(1079,'Bill McKinney'),(1080,'Roy Atwell'),(1081,'Stuart Buchanan'),(1082,'Adriana Caselotti'),(1083,'Hall Johnson Choir'),(1084,'Hayden Christensen'),(1085,'Ian McDiarmid'),(1086,'Chief Dan George'),(1087,'Sondra Locke'),(1088,'Alida Valli'),(1089,'Holmes Osborne'),(1090,'Maggie Gyllenhaal'),(1091,'Daveigh Chase'),(1092,'Katie Holmes'),(1093,'Renato Salvatori'),(1094,'Annie Girardot'),(1095,'Katina Paxinou'),(1096,'Andie MacDowell'),(1097,'Chris Elliott'),(1098,'Stephen Tobolowsky'),(1099,'Bruno Ganz'),(1100,'Alexandra Maria Lara'),(1101,'Corinna Harfouch'),(1102,'Ulrich Matthes'),(1103,'Stephen Mendillo'),(1104,'Stephen J. Lang'),(1105,'Chris Cooper'),(1106,'Elizabeth Peña'),(1107,'Mitsuo Iwata'),(1108,'Nozomu Sasaki'),(1109,'Mami Koyama'),(1110,'Tesshô Genda'),(1111,'Jessica Alba'),(1112,'Devon Aoki'),(1113,'Alexis Bledel'),(1114,'Powers Boothe'),(1115,'Tom Wilkinson'),(1116,'Harriet Walter'),(1117,'James McKechnie'),(1118,'Neville Mapp'),(1119,'Vincent Holman'),(1120,'Roger Livesey'),(1121,'Aaron Eckhart'),(1122,'Stacy Edwards'),(1123,'Matt Malloy'),(1124,'Michael Martin'),(1125,'Shelley Duvall'),(1126,'Danny Lloyd'),(1127,'Scatman Crothers'),(1128,'Jackie Gleason'),(1129,'Carrie Henn'),(1130,'Paul Reiser'),(1131,'Edward Burns'),(1132,'Barry Pepper'),(1133,'The Marx Brothers'),(1134,'Groucho Marx'),(1135,'Harpo Marx'),(1136,'Chico Marx'),(1137,'Harold Ramis'),(1138,'Duane Jones'),(1139,'Judith O\'Dea'),(1140,'Karl Hardman'),(1141,'Marilyn Eastman'),(1142,'Jeff Cohen'),(1143,'Russell Crowe'),(1144,'Joaquin Phoenix'),(1145,'Connie Nielsen'),(1146,'Oliver Reed'),(1147,'Jonah Hill'),(1148,'Christopher Mintz-Plasse'),(1149,'Bill Hader'),(1150,'Ralph Meeker'),(1151,'Adolphe Menjou'),(1152,'George Macready'),(1153,'Peter O\'Toole'),(1154,'Alec Guinness'),(1155,'Anthony Quinn'),(1156,'Mania Akbari'),(1157,'Amin Maher'),(1158,'Kamran Adl'),(1159,'Roya Akbari'),(1160,'George O\'Brien'),(1161,'Janet Gaynor'),(1162,'Margaret Livingston'),(1163,'Bodil Rosing'),(1164,'Jan Sterling'),(1165,'Robert Arthur'),(1166,'Strother Martin'),(1167,'Penelope Allen'),(1168,'Sully Boyar'),(1169,'Beulah Garrick'),(1170,'Andrea Eckert'),(1171,'Hanno Pöschl'),(1172,'Daniel Radcliffe'),(1173,'Richard Griffiths'),(1174,'Pam Ferris'),(1175,'Fiona Shaw'),(1176,'William Holden'),(1177,'Sessue Hayakawa'),(1178,'Ernest Borgnine'),(1179,'Robert Ryan'),(1180,'Edmond O\'Brien'),(1181,'Danny Elfman'),(1182,'Catherine O\'Hara'),(1183,'William Hickey'),(1184,'Bruce Allpress'),(1185,'John Bach'),(1186,'Roddy McDowall'),(1187,'Kim Hunter'),(1188,'Maurice Evans'),(1189,'Warren Oates'),(1190,'Ramon Bieri'),(1191,'Sam Berry'),(1192,'Bernhard Wicki'),(1193,'Dean Stockwell'),(1194,'Rutger Hauer'),(1195,'Sean Young'),(1196,'Edward James Olmos'),(1197,'Mark Wahlberg'),(1198,'Valerie Hobson'),(1199,'Joan Greenwood'),(1200,'Nicolas Cage'),(1201,'Holly Hunter'),(1202,'Trey Wilson'),(1203,'Jonathan Taylor Thomas'),(1204,'James Earl Jones'),(1205,'Jim Cummings'),(1206,'Craig T. Nelson'),(1207,'Stephen Rea'),(1208,'Stephen Fry'),(1209,'David Morse'),(1210,'Michael Clarke Duncan'),(1211,'Bonnie Hunt'),(1212,'Åke Grönberg'),(1213,'Harriet Andersson'),(1214,'Hasse Ekman'),(1215,'Anders Ek'),(1216,'Bruce Lee'),(1217,'Jim Kelly'),(1218,'Ahna Capri'),(1219,'Natalya Bondarchuk'),(1220,'Donatas Banionis'),(1221,'Jüri Järvet'),(1222,'Vladislav Dvorzhetskiy'),(1223,'Luigi Ornaghi'),(1224,'Francesca Moriggi'),(1225,'Omar Brignoli'),(1226,'Antonio Ferrari'),(1227,'Will Smith'),(1228,'Gene Tierney'),(1229,'Cornel Wilde'),(1230,'Jeanne Crain'),(1231,'Vincent Price'),(1232,'Allen Garfield'),(1233,'Jean Martin'),(1234,'Yacef Saadi'),(1235,'Brahim Hadjadj'),(1236,'Samia Kerbash'),(1237,'Katharine Phillips Moser'),(1238,'Peter Dillard'),(1239,'Robert Reich'),(1240,'Doreen Chalmers'),(1241,'Jason Patric'),(1242,'Corey Haim'),(1243,'Barnard Hughes'),(1244,'Sergey Dreyden'),(1245,'Mariya Kuznetsova'),(1246,'Leonid Mozgovoy'),(1247,'Mikhail Piotrovsky'),(1248,'Bonnie Bedelia'),(1249,'Reginald VelJohnson'),(1250,'Uma Thurman'),(1251,'Lucy Liu'),(1252,'Vivica A. Fox'),(1253,'Daryl Hannah'),(1254,'Danny Kaye'),(1255,'Virginia Mayo'),(1256,'Boris Karloff'),(1257,'Fay Bainter'),(1258,'Gary Busey'),(1259,'Lori Petty'),(1260,'Ambrosia Kelley'),(1261,'Michael Parks'),(1262,'James Parks'),(1263,'David Emge'),(1264,'Ken Foree'),(1265,'Scott H. Reiniger'),(1266,'Gaylen Ross'),(1267,'Kareem Abdul-Jabbar'),(1268,'Lloyd Bridges'),(1269,'Peter Graves'),(1270,'Julie Hagerty'),(1271,'Margaret Sullavan'),(1272,'Frank Morgan'),(1273,'Joseph Schildkraut'),(1274,'Laura Linney'),(1275,'Noah Emmerich'),(1276,'Natascha McElhone'),(1277,'Mike Leigh'),(1278,'Frank Wolff'),(1279,'Luigi Pistilli'),(1280,'Judy Garland'),(1281,'Ray Bolger'),(1282,'Bert Lahr'),(1283,'Cathy Moriarty'),(1284,'Frank Vincent'),(1285,'Charles Grodin'),(1286,'Yaphet Kotto'),(1287,'John Ashton'),(1288,'Charles Chaplin'),(1289,'Mack Swain'),(1290,'Tom Murray'),(1291,'Henry Bergman'),(1292,'Rex Harrison'),(1293,'Barbara Lawrence'),(1294,'J.J. Johnson'),(1295,'Gary Commock'),(1296,'Polly Adams'),(1297,'Opal Alladin'),(1298,'Lisa Lindgren'),(1299,'Michael Nyqvist'),(1300,'Emma Samuelsson'),(1301,'Sam Kessel'),(1302,'Anthony Hopkins'),(1303,'John Hurt'),(1304,'Beverly D\'Angelo'),(1305,'Jennifer Lien'),(1306,'Mia Farrow'),(1307,'Patrick Horgan'),(1308,'John Buckwalter');
/*!40000 ALTER TABLE `actors` ENABLE KEYS */;
UNLOCK TABLES;

--
-- Table structure for table `countries`
--

DROP TABLE IF EXISTS `countries`;
/*!40101 SET @saved_cs_client     = @@character_set_client */;
/*!40101 SET character_set_client = utf8 */;
CREATE TABLE `countries` (
  `cty_id` bigint(20) NOT NULL AUTO_INCREMENT,
  `cty_name` text NOT NULL,
  PRIMARY KEY (`cty_id`)
) ENGINE=InnoDB AUTO_INCREMENT=34 DEFAULT CHARSET=latin1;
/*!40101 SET character_set_client = @saved_cs_client */;

--
-- Dumping data for table `countries`
--

LOCK TABLES `countries` WRITE;
/*!40000 ALTER TABLE `countries` DISABLE KEYS */;
INSERT INTO `countries` VALUES (1,'USA'),(2,'UK'),(3,'South Korea'),(4,'Germany'),(5,'Romania'),(6,'Italy'),(7,'France'),(8,'Japan'),(9,'Australia'),(10,'Czech Republic'),(11,'Bahamas'),(12,'Cuba'),(13,'Soviet Union'),(14,'Spain'),(15,'Hong Kong'),(16,'Hungary'),(17,'Mexico'),(18,'Canada'),(19,'Sweden'),(20,'Norway'),(21,'Denmark'),(22,'West Germany'),(23,'Russia'),(24,'Algeria'),(25,'New Zealand'),(26,'China'),(27,'Brazil'),(28,'Taiwan'),(29,'Peru'),(30,'Austria'),(31,'Iran'),(32,'Switzerland'),(33,'Finland');
/*!40000 ALTER TABLE `countries` ENABLE KEYS */;
UNLOCK TABLES;

--
-- Table structure for table `directors`
--

DROP TABLE IF EXISTS `directors`;
/*!40101 SET @saved_cs_client     = @@character_set_client */;
/*!40101 SET character_set_client = utf8 */;
CREATE TABLE `directors` (
  `dir_id` bigint(20) NOT NULL AUTO_INCREMENT,
  `dir_name` text NOT NULL,
  PRIMARY KEY (`dir_id`)
) ENGINE=InnoDB AUTO_INCREMENT=265 DEFAULT CHARSET=latin1;
/*!40101 SET character_set_client = @saved_cs_client */;

--
-- Dumping data for table `directors`
--

LOCK TABLES `directors` WRITE;
/*!40000 ALTER TABLE `directors` DISABLE KEYS */;
INSERT INTO `directors` VALUES (1,'Frank Darabont'),(2,'Stanley Kubrick'),(3,'Chan-wook Park'),(4,'George Stevens'),(5,'N/A'),(6,'Paul Greengrass'),(7,'Wolfgang Reitherman'),(8,'John Waters'),(9,'James Cameron'),(10,'George Cukor'),(11,'William Wyler'),(12,'George Lucas'),(13,'Cristi Puiu'),(14,'James Foley'),(15,'Sidney Lumet'),(16,'Danny Boyle'),(17,'Martin Scorsese'),(18,'Charles Laughton, Robert Mitchum, Terry Sanders'),(19,'Stephen Frears'),(20,'Bob Fosse'),(21,'Merian C. Cooper, Ernest B. Schoedsack'),(22,'John McTiernan'),(23,'Adrian Lyne'),(24,'Michael Bay'),(25,'Spike Jonze'),(26,'Mario Bava'),(27,'Florian Henckel von Donnersmarck'),(28,'David Fincher'),(29,'Edgar Wright'),(30,'Russ Meyer'),(31,'Akira Kurosawa'),(32,'Francis Ford Coppola'),(33,'Sydney Pollack'),(34,'James Wan'),(35,'Woody Allen'),(36,'Luchino Visconti'),(37,'Alan Parker'),(38,'Alfred Hitchcock'),(39,'Federico Fellini'),(40,'John Ford'),(41,'Don Siegel'),(42,'Nicholas Ray'),(43,'Martin Campbell'),(44,'Robert Mulligan'),(45,'Cameron Crowe'),(46,'Barry Levinson'),(47,'James William Guercio'),(48,'Mike Leigh'),(49,'Mikhail Kalatozov'),(50,'John Schlesinger'),(51,'Cy Endfield'),(52,'Jon Favreau'),(53,'Terry Gilliam, Terry Jones'),(54,'George Armitage'),(55,'William Friedkin'),(56,'Sergio Leone'),(57,'John Woo'),(58,'Hal Ashby'),(59,'Tony Scott'),(60,'Rob Reiner'),(61,'Donald Cammell, Nicolas Roeg'),(62,'Alexander Payne'),(63,'Joseph Barbera, William Hanna'),(64,'Tim Burton'),(65,'Baz Luhrmann'),(66,'Paul Verhoeven'),(67,'Michael Curtiz'),(68,'Joel Coen, Ethan Coen'),(69,'David Lynch'),(70,'Michelangelo Antonioni'),(71,'Penny Marshall'),(72,'Quentin Tarantino'),(73,'Abel Ferrara'),(74,'Wes Anderson'),(75,'Luis Buñuel'),(76,'John Boulting'),(77,'Christopher Nolan'),(78,'Robert Zemeckis'),(79,'John Sturges'),(80,'Anthony Minghella'),(81,'Brad Bird, Jan Pinkava'),(82,'Mike Hodges'),(83,'John Huston'),(84,'Jean-Jacques Beineix'),(85,'Roy Andersson'),(86,'Guy Hamilton'),(87,'Wolfgang Petersen'),(88,'Robert Bresson'),(89,'Bryan Singer'),(90,'Jean-Pierre Melville'),(91,'Aleksandr Sokurov'),(92,'Paul Morrissey'),(93,'Spike Lee'),(94,'Steven Spielberg'),(95,'Andrew Stanton, Lee Unkrich'),(96,'Mel Gibson'),(97,'Joseph L. Mankiewicz'),(98,'Robert Altman'),(99,'Hayao Miyazaki'),(100,'Peter Weir'),(101,'John Landis'),(102,'Richard Linklater'),(103,'Henri-Georges Clouzot'),(104,'Gore Verbinski'),(105,'Randal Kleiser'),(106,'Sofia Coppola'),(107,'Costa-Gavras'),(108,'M. Night Shyamalan'),(109,'David Lean'),(110,'Darren Aronofsky'),(111,'Mathieu Kassovitz'),(112,'Terry Gilliam'),(113,'Dario Argento'),(114,'Mike Nichols'),(115,'Giuseppe Tornatore'),(116,'Richard Marquand'),(117,'Paul Thomas Anderson'),(118,'Robin Hardy'),(119,'Fred Zinnemann'),(120,'Sam Raimi'),(121,'John Lasseter'),(122,'Brian De Palma'),(123,'Peter Jackson'),(124,'Michel Gondry'),(125,'Orson Welles'),(126,'Jason Reitman'),(127,'Wes Craven'),(128,'Kevin Costner'),(129,'Alejandro González Iñárritu'),(130,'Joe Wright'),(131,'Zack Snyder'),(132,'Paul Haggis'),(133,'Alex Proyas'),(134,'Michael Cimino'),(135,'Stuart Rosenberg'),(136,'John Carpenter'),(137,'Kevin Smith'),(138,'Gary Trousdale, Kirk Wise'),(139,'Elia Kazan'),(140,'Vittorio De Sica'),(141,'Alfonso Cuarón'),(142,'Lana Wachowski, Lilly Wachowski'),(143,'Howard Hawks'),(144,'Sergei M. Eisenstein'),(145,'Henry Koster'),(146,'Terrence Malick'),(147,'David Cronenberg'),(148,'Andrew Dominik'),(149,'John Hughes'),(150,'Emile Ardolino'),(151,'Fritz Lang'),(152,'Víctor Erice'),(153,'Jan de Bont'),(154,'Richard Thorpe'),(155,'Stanley Donen'),(156,'Rian Johnson'),(157,'Roger Michell'),(158,'Milos Forman'),(159,'James L. Brooks'),(160,'Terence Davies'),(161,'John Cassavetes'),(162,'Stanley Donen, Gene Kelly'),(163,'Ang Lee'),(164,'Catherine Hardwicke'),(165,'Pete Docter, David Silverman, Lee Unkrich'),(166,'Matthew Vaughn'),(167,'François Truffaut'),(168,'Todd Haynes'),(169,'Oliver Stone'),(170,'John Dahl'),(171,'Steven Soderbergh'),(172,'Frank Capra'),(173,'Andrey Zvyagintsev'),(174,'Steve Gordon'),(175,'Mu Fei'),(176,'Joss Whedon'),(177,'Billy Wilder'),(178,'Sean Penn'),(179,'Neil Jordan'),(180,'Jack Clayton'),(181,'Erich von Stroheim'),(182,'Michael Powell, Emeric Pressburger'),(183,'George Roy Hill'),(184,'Preston Sturges'),(185,'Zach Braff'),(186,'Ethan Coen, Joel Coen'),(187,'Terry Zwigoff'),(188,'Werner Herzog'),(189,'Ridley Scott'),(190,'Fernando Meirelles, Kátia Lund'),(191,'Michael Mann'),(192,'Joe Dante'),(193,'Kinji Fukasaku'),(194,'Michael Sandager'),(195,'Orson Welles, Fred Fleck, Robert Wise'),(196,'Victor Fleming, George Cukor, Sam Wood'),(197,'Phil Alden Robinson'),(198,'Adam McKay'),(199,'Marc Caro, Jean-Pierre Jeunet'),(200,'Yasujirô Ozu'),(201,'Julie Delpy'),(202,'Bill Forsyth'),(203,'Jean Renoir'),(204,'John Lasseter, Ash Brannon, Lee Unkrich'),(205,'Sam Mendes'),(206,'Mel Brooks'),(207,'Mary Harron'),(208,'Jonathan Demme'),(209,'Terry Jones'),(210,'Alexander Mackendrick'),(211,'Mike Newell'),(212,'John G. Avildsen'),(213,'Roman Polanski'),(214,'Alejandro Jodorowsky'),(215,'Ron Clements, John Musker'),(216,'Albert Lamorisse'),(217,'Irvin Kershner'),(218,'Matt Reeves'),(219,'Ted Kotcheff'),(220,'William Cottrell, David Hand, Wilfred Jackson, Larry Morey, Perce Pearce, Ben Sharpsteen'),(221,'Clint Eastwood'),(222,'Carol Reed'),(223,'Richard Kelly'),(224,'Harold Ramis'),(225,'Oliver Hirschbiegel'),(226,'John Sayles'),(227,'Katsuhiro Ôtomo'),(228,'Frank Miller, Robert Rodriguez, Quentin Tarantino'),(229,'Neil LaBute'),(230,'Robert Rossen'),(231,'Leo McCarey'),(232,'Ivan Reitman'),(233,'George A. Romero'),(234,'Richard Donner'),(235,'Greg Mottola'),(236,'Abbas Kiarostami'),(237,'F.W. Murnau'),(238,'Sam Peckinpah'),(239,'Henry Selick'),(240,'Franklin J. Schaffner'),(241,'Wim Wenders'),(242,'Robert Hamer'),(243,'Roger Allers, Rob Minkoff'),(244,'Brad Bird'),(245,'James McTeigue'),(246,'Ingmar Bergman'),(247,'Robert Clouse'),(248,'Andrei Tarkovsky'),(249,'Ermanno Olmi'),(250,'Barry Sonnenfeld'),(251,'John M. Stahl'),(252,'Gillo Pontecorvo'),(253,'Joel Moser, Thomas D. Moser'),(254,'Joel Schumacher'),(255,'Norman Z. McLeod'),(256,'Kathryn Bigelow'),(257,'Jim Abrahams, David Zucker, Jerry Zucker'),(258,'Ernst Lubitsch'),(259,'Sergio Corbucci'),(260,'Victor Fleming, George Cukor, Mervyn LeRoy, Norman Taurog, King Vidor'),(261,'Martin Brest'),(262,'Charles Chaplin'),(263,'Lukas Moodysson'),(264,'Tony Kaye');
/*!40000 ALTER TABLE `directors` ENABLE KEYS */;
UNLOCK TABLES;

--
-- Table structure for table `genres`
--

DROP TABLE IF EXISTS `genres`;
/*!40101 SET @saved_cs_client     = @@character_set_client */;
/*!40101 SET character_set_client = utf8 */;
CREATE TABLE `genres` (
  `gre_id` bigint(20) NOT NULL AUTO_INCREMENT,
  `gre_name` text NOT NULL,
  PRIMARY KEY (`gre_id`)
) ENGINE=InnoDB AUTO_INCREMENT=27 DEFAULT CHARSET=latin1;
/*!40101 SET character_set_client = @saved_cs_client */;

--
-- Dumping data for table `genres`
--

LOCK TABLES `genres` WRITE;
/*!40000 ALTER TABLE `genres` DISABLE KEYS */;
INSERT INTO `genres` VALUES (1,'Crime'),(2,'Drama'),(3,'Sci-Fi'),(4,'Mystery'),(5,'Thriller'),(6,'Film-Noir'),(7,'Romance'),(8,'Adult'),(9,'Action'),(10,'Animation'),(11,'Adventure'),(12,'Comedy'),(13,'Music'),(14,'Musical'),(15,'War'),(16,'Fantasy'),(17,'Horror'),(18,'History'),(19,'Family'),(20,'Western'),(21,'Biography'),(22,'Short'),(23,'N/A'),(24,'News'),(25,'Documentary'),(26,'Sport');
/*!40000 ALTER TABLE `genres` ENABLE KEYS */;
UNLOCK TABLES;

--
-- Table structure for table `movie_actors`
--

DROP TABLE IF EXISTS `movie_actors`;
/*!40101 SET @saved_cs_client     = @@character_set_client */;
/*!40101 SET character_set_client = utf8 */;
CREATE TABLE `movie_actors` (
  `mva_mov_id` bigint(20) NOT NULL,
  `mva_act_id` bigint(20) NOT NULL
) ENGINE=InnoDB DEFAULT CHARSET=latin1;
/*!40101 SET character_set_client = @saved_cs_client */;

--
-- Dumping data for table `movie_actors`
--

LOCK TABLES `movie_actors` WRITE;
/*!40000 ALTER TABLE `movie_actors` DISABLE KEYS */;
INSERT INTO `movie_actors` VALUES (1,1),(1,2),(1,3),(1,4),(2,5),(2,6),(2,7),(2,8),(3,9),(3,10),(3,11),(3,12),(4,13),(4,14),(4,15),(4,16),(5,17),(5,18),(5,19),(6,20),(6,21),(6,22),(6,23),(7,24),(7,25),(7,26),(7,27),(8,28),(8,29),(8,30),(8,31),(9,32),(9,33),(9,34),(9,35),(10,36),(10,37),(10,38),(10,39),(11,40),(11,41),(11,42),(11,43),(12,44),(12,45),(12,46),(12,47),(13,48),(13,49),(13,50),(13,51),(14,52),(14,53),(14,54),(14,55),(15,56),(15,57),(15,58),(15,59),(16,60),(16,61),(16,62),(16,63),(17,64),(17,65),(17,66),(17,67),(18,68),(18,15),(18,69),(18,70),(19,71),(19,72),(19,73),(19,74),(20,75),(20,76),(20,77),(20,78),(21,79),(21,80),(21,81),(21,82),(22,83),(22,84),(22,85),(22,86),(23,87),(23,88),(23,89),(23,90),(24,91),(24,92),(24,93),(24,94),(25,71),(25,95),(25,96),(25,97),(26,98),(26,99),(26,100),(26,101),(27,102),(27,103),(27,104),(27,105),(28,106),(28,107),(28,108),(28,109),(29,110),(29,111),(29,112),(29,113),(30,114),(30,115),(30,116),(30,117),(31,118),(31,119),(31,120),(31,121),(32,52),(32,122),(32,123),(32,64),(33,124),(33,76),(33,125),(33,126),(34,127),(34,128),(34,129),(34,130),(35,131),(35,132),(35,133),(35,134),(36,135),(36,136),(36,137),(36,138),(37,139),(37,140),(37,141),(37,142),(38,143),(38,144),(38,27),(38,145),(39,146),(39,147),(39,148),(39,149),(40,150),(40,151),(40,152),(40,153),(41,154),(41,155),(41,156),(41,157),(42,158),(42,152),(42,159),(42,160),(43,161),(43,162),(43,163),(43,164),(44,165),(44,166),(44,167),(44,168),(45,169),(45,170),(45,171),(45,172),(46,173),(46,174),(46,175),(46,176),(47,177),(47,178),(47,179),(47,180),(48,181),(48,182),(48,183),(48,184),(49,185),(49,186),(49,187),(49,188),(50,189),(50,190),(50,191),(50,192),(51,124),(51,193),(51,194),(51,195),(52,196),(52,197),(52,198),(52,199),(53,200),(53,41),(53,201),(53,202),(54,203),(54,204),(54,205),(54,206),(55,207),(55,208),(55,209),(55,210),(56,71),(56,211),(56,55),(56,212),(57,213),(57,214),(57,75),(57,215),(58,136),(58,216),(58,217),(58,218),(59,169),(59,219),(59,220),(59,221),(60,222),(60,223),(60,224),(60,225),(61,226),(61,227),(61,228),(61,229),(62,173),(62,230),(62,231),(62,232),(63,128),(63,233),(63,234),(63,235),(64,236),(64,237),(64,238),(64,239),(65,240),(65,241),(65,242),(65,243),(66,244),(67,245),(67,246),(67,247),(67,248),(68,249),(68,60),(68,250),(68,251),(69,252),(69,253),(69,254),(69,255),(70,256),(70,257),(70,258),(70,259),(71,260),(71,261),(71,262),(71,263),(72,264),(72,265),(72,266),(72,267),(73,38),(73,268),(73,269),(73,270),(74,271),(74,272),(74,273),(74,274),(75,275),(75,276),(75,277),(75,278),(76,279),(76,280),(76,281),(76,282),(77,283),(77,284),(77,285),(77,286),(78,287),(78,288),(78,289),(78,290),(79,291),(79,292),(79,293),(79,294),(80,295),(80,296),(80,297),(80,298),(81,213),(81,299),(81,300),(81,206),(82,301),(82,302),(82,303),(82,304),(83,305),(83,306),(83,307),(83,308),(84,309),(84,310),(84,311),(84,312),(85,313),(85,314),(85,315),(85,316),(86,317),(86,279),(86,318),(86,319),(87,283),(87,320),(87,321),(87,322),(88,323),(88,324),(88,305),(88,325),(89,326),(89,327),(89,328),(89,329),(90,330),(90,331),(90,332),(90,333),(91,334),(91,335),(91,336),(91,337),(92,338),(92,339),(92,340),(92,341),(93,311),(93,282),(93,342),(93,343),(94,264),(94,344),(94,345),(94,346),(95,347),(96,348),(96,349),(96,350),(96,231),(97,169),(97,351),(97,352),(97,40),(98,353),(98,354),(98,355),(98,356),(99,357),(99,358),(99,359),(99,360),(100,361),(100,362),(100,363),(100,364),(101,365),(101,143),(101,351),(101,366),(102,367),(102,368),(102,369),(102,370),(103,371),(103,372),(103,373),(103,374),(104,375),(104,309),(104,376),(104,377),(105,378),(105,379),(105,380),(105,381),(106,382),(106,383),(107,384),(107,385),(107,386),(107,387),(108,264),(108,388),(108,389),(108,390),(109,391),(109,392),(109,393),(109,394),(110,395),(110,396),(110,397),(110,398),(111,399),(111,400),(111,401),(111,402),(112,403),(112,404),(112,405),(112,305),(113,406),(113,123),(113,407),(113,408),(114,409),(114,410),(114,411),(114,336),(115,412),(115,413),(115,414),(115,415),(116,416),(116,417),(116,27),(116,418),(117,226),(117,227),(117,419),(117,420),(118,421),(118,422),(118,423),(118,424),(119,425),(119,426),(119,427),(119,428),(120,429),(120,212),(120,430),(120,431),(121,406),(121,123),(121,432),(121,433),(122,434),(122,435),(122,214),(122,436),(123,437),(123,438),(123,439),(123,440),(124,441),(124,442),(124,443),(124,444),(125,445),(125,446),(125,447),(125,448),(126,245),(126,449),(126,450),(126,451),(127,290),(127,452),(127,453),(127,454),(128,455),(128,456),(128,457),(128,458),(129,459),(129,60),(129,460),(129,461),(130,462),(130,463),(130,122),(130,464),(131,441),(131,465),(131,466),(131,467),(132,216),(132,468),(132,469),(132,470),(133,471),(133,472),(133,473),(133,474),(134,475),(134,476),(134,477),(134,478),(135,36),(135,479),(135,480),(135,481),(136,64),(136,482),(136,483),(136,455),(137,110),(137,484),(137,485),(137,486),(138,32),(138,487),(138,250),(138,488),(139,489),(139,490),(139,491),(139,492),(140,493),(140,494),(140,323),(140,218),(141,495),(141,496),(141,497),(141,498),(142,499),(142,500),(142,501),(142,502),(143,245),(143,473),(143,503),(143,504),(144,495),(144,505),(144,58),(144,506),(145,507),(145,508),(145,509),(145,510),(146,511),(146,124),(146,512),(146,513),(147,514),(147,515),(147,516),(147,517),(148,406),(148,123),(148,428),(148,518),(149,44),(149,45),(149,46),(149,519),(150,520),(150,521),(150,522),(150,523),(151,524),(151,525),(151,526),(151,342),(152,527),(152,528),(152,529),(152,530),(153,118),(153,531),(153,532),(153,533),(154,534),(154,535),(154,536),(154,537),(155,20),(155,23),(155,538),(155,539),(156,52),(156,123),(156,540),(156,541),(157,283),(157,542),(157,543),(157,544),(158,545),(158,546),(158,547),(158,548),(159,549),(159,278),(159,550),(159,551),(160,83),(160,552),(160,553),(160,554),(161,555),(161,556),(161,557),(161,558),(162,559),(162,560),(162,561),(162,562),(163,563),(163,33),(163,564),(163,565),(164,40),(164,160),(164,566),(164,567),(165,568),(165,569),(165,570),(165,571),(166,572),(166,573),(166,574),(166,575),(167,576),(167,577),(167,578),(167,579),(168,119),(168,580),(168,581),(168,582),(169,583),(169,584),(169,585),(169,586),(170,587),(170,588),(170,350),(170,404),(171,589),(171,64),(171,590),(171,339),(172,591),(172,592),(172,593),(172,594),(173,595),(173,596),(173,597),(173,598),(174,599),(174,600),(174,601),(174,602),(175,603),(175,604),(175,605),(175,606),(176,607),(176,608),(176,125),(176,609),(177,610),(177,611),(177,612),(177,613),(178,614),(178,615),(178,616),(178,617),(179,64),(179,618),(179,619),(179,292),(180,620),(180,621),(180,622),(180,623),(181,624),(181,625),(181,626),(181,627),(182,628),(182,629),(182,630),(182,631),(183,632),(183,633),(183,634),(183,635),(184,636),(184,637),(184,638),(184,639),(185,640),(185,641),(185,642),(185,643),(186,462),(186,644),(186,58),(186,645),(187,646),(187,647),(187,648),(187,649),(188,650),(188,651),(188,311),(188,652),(189,653),(189,654),(189,13),(189,270),(190,655),(190,656),(190,657),(190,658),(191,659),(191,660),(191,328),(191,661),(192,150),(192,662),(192,663),(192,664),(193,665),(193,666),(193,667),(193,668),(194,38),(194,669),(194,670),(194,671),(195,672),(195,673),(195,674),(195,675),(196,676),(196,677),(196,678),(196,679),(197,107),(197,680),(197,681),(197,682),(198,683),(198,684),(198,685),(198,686),(199,687),(199,688),(199,689),(199,690),(200,691),(200,692),(200,693),(200,694),(201,346),(201,695),(201,696),(201,697),(202,545),(202,698),(202,211),(202,699),(203,700),(203,701),(203,702),(203,703),(204,655),(204,350),(204,605),(204,704),(205,705),(205,706),(205,707),(205,708),(206,219),(206,709),(206,710),(206,711),(207,712),(207,713),(207,714),(207,715),(208,165),(208,716),(208,717),(208,718),(209,719),(209,720),(209,721),(209,722),(210,723),(210,724),(210,725),(210,726),(211,45),(211,727),(211,728),(211,729),(212,36),(212,730),(212,731),(212,732),(213,279),(213,733),(213,734),(213,174),(214,735),(214,736),(214,737),(214,738),(215,739),(215,740),(215,741),(215,742),(216,743),(216,744),(216,745),(216,746),(217,747),(217,748),(217,749),(217,750),(218,751),(218,752),(218,753),(218,754),(219,755),(219,756),(219,757),(219,272),(220,462),(220,52),(220,758),(220,759),(221,64),(221,760),(221,483),(221,761),(222,165),(222,762),(222,763),(222,764),(223,52),(223,765),(223,766),(223,767),(224,137),(224,768),(224,769),(224,441),(225,361),(225,311),(225,770),(225,771),(226,772),(226,773),(226,774),(226,775),(227,522),(227,776),(227,777),(227,778),(228,779),(228,780),(228,781),(228,782),(229,783),(229,784),(229,785),(229,786),(230,787),(230,788),(230,789),(230,790),(231,791),(231,792),(231,793),(231,794),(232,795),(232,796),(232,797),(232,798),(233,653),(233,799),(233,800),(233,801),(234,802),(234,803),(234,804),(234,805),(235,806),(235,295),(235,807),(235,808),(236,227),(236,809),(236,810),(236,811),(237,812),(237,813),(237,814),(237,815),(238,816),(238,817),(238,818),(238,819),(239,820),(239,821),(239,822),(239,823),(240,824),(240,825),(240,826),(240,827),(241,828),(241,829),(241,830),(241,831),(242,654),(242,832),(242,53),(242,833),(243,752),(243,834),(243,679),(243,835),(244,107),(244,348),(244,836),(244,837),(245,838),(245,839),(245,840),(245,841),(246,756),(246,842),(246,46),(246,843),(247,844),(247,845),(247,846),(247,847),(248,848),(248,849),(248,850),(248,851),(249,852),(249,853),(249,854),(249,855),(250,620),(250,856),(250,530),(250,857),(251,858),(251,216),(251,859),(251,860),(252,861),(252,862),(252,863),(252,864),(253,865),(253,866),(253,867),(253,824),(254,868),(254,595),(254,272),(254,869),(255,870),(255,871),(255,872),(255,873),(256,874),(256,875),(256,876),(256,877),(257,629),(257,878),(257,630),(257,879),(258,880),(258,881),(258,336),(258,178),(259,83),(259,882),(259,552),(259,883),(260,884),(260,426),(260,885),(260,886),(261,791),(261,887),(261,888),(261,889),(262,890),(262,891),(262,892),(262,893),(263,52),(263,64),(263,231),(263,193),(264,894),(264,895),(264,896),(264,897),(265,124),(265,173),(265,898),(265,899),(266,531),(266,900),(266,901),(266,902),(267,74),(267,903),(267,904),(267,905),(268,326),(268,906),(268,907),(268,908),(269,75),(269,530),(269,607),(269,909),(270,910),(270,911),(270,912),(270,913),(271,914),(271,915),(271,916),(271,917),(272,607),(272,918),(272,919),(272,920),(273,921),(273,922),(273,923),(273,924),(274,925),(274,926),(274,927),(274,928),(275,799),(275,929),(275,344),(275,930),(276,931),(276,841),(276,932),(276,933),(277,910),(277,934),(277,417),(277,389),(278,935),(278,936),(278,937),(278,938),(279,290),(279,253),(279,939),(279,940),(280,838),(280,941),(280,942),(280,943),(281,944),(281,945),(281,946),(281,947),(282,576),(282,948),(282,949),(282,760),(283,222),(283,950),(283,951),(283,952),(284,953),(284,954),(284,955),(284,956),(285,957),(285,958),(285,959),(285,960),(286,961),(286,962),(286,963),(286,964),(287,965),(287,871),(287,966),(287,967),(288,135),(288,968),(288,969),(288,970),(289,522),(289,971),(289,972),(289,973),(290,974),(290,975),(290,976),(290,977),(291,978),(291,979),(291,980),(291,981),(292,982),(292,983),(292,984),(292,985),(293,283),(293,542),(293,986),(293,987),(294,393),(294,988),(294,868),(294,989),(295,990),(295,991),(295,992),(295,993),(296,310),(296,994),(296,995),(296,996),(297,118),(297,531),(297,997),(297,998),(298,141),(298,999),(298,1000),(298,1001),(299,207),(299,208),(299,210),(299,209),(300,38),(300,1002),(300,1003),(300,1004),(301,36),(301,265),(301,267),(301,1005),(302,135),(302,832),(302,1006),(302,1007),(303,1008),(303,1009),(303,1010),(303,1011),(304,1012),(304,408),(304,1013),(304,1014),(305,1015),(305,858),(305,1016),(305,1017),(306,1018),(306,596),(306,478),(306,1019),(307,748),(307,1020),(307,232),(307,203),(308,245),(308,1021),(308,1022),(308,689),(309,1023),(309,1024),(309,1025),(309,1026),(310,1027),(310,540),(310,1028),(310,84),(311,279),(311,1029),(311,1030),(311,1031),(312,1032),(312,1033),(312,1034),(312,1035),(313,137),(313,1036),(313,1037),(313,1038),(314,118),(314,1039),(314,1040),(314,119),(315,1041),(315,1042),(315,1043),(315,1044),(316,1045),(316,177),(316,1046),(316,1047),(317,503),(317,457),(317,1048),(317,1049),(318,1050),(318,1051),(319,1052),(319,1053),(319,1054),(319,1055),(320,1056),(320,724),(320,1057),(320,1058),(321,1059),(321,136),(321,1060),(321,1061),(322,45),(322,1062),(322,1063),(322,1064),(323,1065),(323,1066),(323,1067),(323,1068),(324,264),(324,1069),(324,1070),(324,1071),(325,44),(325,45),(325,46),(325,519),(326,475),(326,314),(326,1072),(326,1073),(327,1074),(327,1075),(327,1076),(327,1077),(328,1027),(328,1078),(328,341),(328,1079),(329,1080),(329,1081),(329,1082),(329,1083),(330,60),(330,460),(330,1084),(330,1085),(331,154),(331,1086),(331,1087),(331,1079),(332,910),(332,1088),(332,566),(332,490),(333,748),(333,1089),(333,1090),(333,1091),(334,310),(334,311),(334,459),(334,1092),(335,137),(335,1093),(335,1094),(335,1095),(336,596),(336,1096),(336,1097),(336,1098),(337,1099),(337,1100),(337,1101),(337,1102),(338,1103),(338,1104),(338,1105),(338,1106),(339,1107),(339,1108),(339,1109),(339,1110),(340,1111),(340,1112),(340,1113),(340,1114),(341,1024),(341,1115),(341,1116),(341,33),(342,1117),(342,1118),(342,1119),(342,1120),(343,1121),(343,1122),(343,1123),(343,1124),(344,279),(344,1125),(344,1126),(344,1127),(345,620),(345,1128),(345,556),(345,327),(346,426),(346,1129),(346,882),(346,1130),(347,283),(347,826),(347,1131),(347,1132),(348,1133),(348,1134),(348,1135),(348,1136),(349,596),(349,212),(349,426),(349,1137),(350,1138),(350,1139),(350,1140),(350,1141),(351,630),(351,867),(351,1142),(351,1010),(352,1143),(352,1144),(352,1145),(352,1146),(353,1147),(353,569),(353,1148),(353,1149),(354,365),(354,1150),(354,1151),(354,1152),(355,1153),(355,1154),(355,1155),(355,41),(356,1156),(356,1157),(356,1158),(356,1159),(357,1160),(357,1161),(357,1162),(357,1163),(358,576),(358,361),(358,920),(358,541),(359,365),(359,1164),(359,1165),(359,1017),(360,620),(360,856),(360,512),(360,1166),(361,1167),(361,1168),(361,618),(361,1169),(362,870),(362,871),(362,1170),(362,1171),(363,1172),(363,1173),(363,1174),(363,1175),(364,1176),(364,1154),(364,41),(364,1177),(365,1176),(365,1178),(365,1179),(365,1180),(366,1181),(366,234),(366,1182),(366,1183),(367,1184),(367,630),(367,1185),(367,631),(368,40),(368,1186),(368,1187),(368,1188),(369,463),(369,555),(369,1189),(369,1190),(370,886),(370,1191),(370,1192),(370,1193),(371,45),(371,1194),(371,1195),(371,1196),(372,32),(372,20),(372,279),(372,1197),(373,1067),(373,1198),(373,1199),(373,1154),(374,1200),(374,1201),(374,1202),(374,755),(375,256),(375,1203),(375,1204),(375,1205),(376,1206),(376,1201),(376,314),(376,548),(377,460),(377,658),(377,1207),(377,1208),(378,283),(378,1209),(378,1210),(378,1211),(379,1212),(379,1213),(379,1214),(379,1215),(380,1216),(380,572),(380,1217),(380,1218),(381,1219),(381,1220),(381,1221),(381,1222),(382,1223),(382,1224),(382,1225),(382,1226),(383,865),(383,1227),(383,787),(383,262),(384,1228),(384,1229),(384,1230),(384,1231),(385,213),(385,618),(385,1232),(385,464),(386,1233),(386,1234),(386,1235),(386,1236),(387,1237),(387,1238),(387,1239),(387,1240),(388,1241),(388,1242),(388,1022),(388,1243),(389,1244),(389,1245),(389,1246),(389,1247),(390,475),(390,1248),(390,1249),(390,688),(391,1250),(391,1251),(391,1252),(391,1253),(392,1254),(392,1255),(392,1256),(392,1257),(393,692),(393,655),(393,1258),(393,1259),(394,1252),(394,1260),(394,1261),(394,1262),(395,1263),(395,1264),(395,1265),(395,1266),(396,1267),(396,1268),(396,1269),(396,1270),(397,1271),(397,38),(397,1272),(397,1273),(398,563),(398,1274),(398,1275),(398,1276),(399,503),(399,336),(399,457),(399,1048),(400,1277),(401,466),(401,1059),(401,1278),(401,1279),(402,1280),(402,1272),(402,1281),(402,1282),(403,64),(403,1283),(403,483),(403,1284),(404,64),(404,1285),(404,1286),(404,1287),(405,1288),(405,1289),(405,1290),(405,1291),(406,1292),(406,468),(406,930),(406,1293),(407,1294),(407,1295),(407,1296),(407,1297),(408,1298),(408,1299),(408,1300),(408,1301),(409,1302),(409,1303),(409,511),(409,807),(410,106),(410,553),(410,1304),(410,1305),(411,406),(411,1306),(411,1307),(411,1308);
/*!40000 ALTER TABLE `movie_actors` ENABLE KEYS */;
UNLOCK TABLES;

--
-- Table structure for table `movie_countries`
--

DROP TABLE IF EXISTS `movie_countries`;
/*!40101 SET @saved_cs_client     = @@character_set_client */;
/*!40101 SET character_set_client = utf8 */;
CREATE TABLE `movie_countries` (
  `mty_mov_id` bigint(20) NOT NULL,
  `mty_cty_id` bigint(20) NOT NULL
) ENGINE=InnoDB DEFAULT CHARSET=latin1;
/*!40101 SET character_set_client = @saved_cs_client */;

--
-- Dumping data for table `movie_countries`
--

LOCK TABLES `movie_countries` WRITE;
/*!40000 ALTER TABLE `movie_countries` DISABLE KEYS */;
INSERT INTO `movie_countries` VALUES (1,1),(2,2),(2,1),(3,3),(4,1),(5,1),(6,1),(6,4),(7,1),(8,1),(9,1),(10,1),(11,1),(12,1),(13,5),(14,1),(15,1),(16,2),(17,1),(18,1),(19,2),(19,1),(20,1),(21,1),(22,1),(23,1),(24,1),(25,1),(26,6),(26,7),(27,4),(28,1),(28,4),(29,2),(29,7),(29,1),(30,1),(31,8),(32,1),(33,1),(34,1),(34,9),(35,1),(36,6),(36,7),(37,2),(38,1),(39,6),(39,7),(40,1),(41,1),(42,1),(43,1),(44,2),(44,10),(44,1),(44,4),(44,11),(45,1),(46,1),(47,1),(48,1),(49,2),(49,1),(50,12),(50,13),(51,1),(52,1),(52,2),(53,2),(54,1),(55,2),(56,1),(57,1),(58,6),(58,1),(58,14),(59,1),(60,15),(61,1),(62,1),(63,1),(64,2),(65,1),(65,16),(66,1),(67,1),(67,2),(68,1),(68,9),(69,1),(70,1),(71,2),(71,1),(72,1),(73,1),(74,1),(74,2),(75,1),(76,6),(76,14),(76,7),(77,1),(78,1),(79,1),(80,1),(81,1),(82,17),(83,2),(84,1),(84,2),(85,1),(86,1),(86,2),(87,1),(88,1),(89,1),(89,2),(90,18),(91,1),(91,2),(92,1),(93,2),(94,1),(95,1),(96,1),(96,7),(97,1),(98,7),(99,19),(99,20),(99,21),(100,2),(101,1),(102,22),(103,7),(103,19),(104,18),(104,1),(105,7),(105,6),(106,23),(106,4),(107,2),(108,1),(109,1),(110,1),(111,1),(112,1),(113,7),(113,1),(114,1),(115,1),(116,1),(117,1),(118,8),(119,9),(119,1),(120,1),(121,1),(122,14),(122,17),(123,1),(124,7),(124,6),(125,7),(125,6),(126,1),(127,1),(128,1),(129,1),(130,1),(131,7),(131,24),(132,1),(133,1),(133,4),(134,1),(135,1),(136,1),(136,7),(137,2),(137,7),(138,1),(139,2),(140,1),(141,1),(142,7),(143,1),(144,1),(145,6),(146,1),(147,6),(147,7),(148,1),(149,1),(150,1),(151,2),(152,2),(153,8),(154,1),(155,1),(155,4),(156,1),(157,1),(158,1),(159,7),(159,1),(160,1),(160,7),(161,1),(162,25),(163,1),(164,1),(165,1),(166,1),(167,1),(167,2),(168,8),(169,17),(170,1),(171,2),(172,2),(172,7),(172,1),(173,1),(173,8),(174,1),(175,4),(175,1),(176,1),(177,1),(178,2),(178,1),(179,2),(179,1),(180,1),(181,1),(182,25),(182,1),(183,1),(184,1),(185,1),(186,1),(187,6),(188,1),(188,2),(189,1),(190,1),(190,9),(191,1),(192,1),(193,13),(194,1),(195,1),(196,1),(196,4),(196,18),(197,1),(197,18),(197,2),(198,1),(199,1),(200,1),(201,4),(202,8),(203,14),(204,1),(205,1),(206,1),(207,1),(208,2),(209,1),(209,7),(210,1),(211,1),(212,1),(213,1),(214,2),(214,22),(215,1),(216,1),(217,1),(217,18),(218,1),(218,4),(219,1),(220,1),(221,1),(222,2),(223,1),(224,7),(224,6),(225,2),(225,1),(226,7),(227,2),(227,1),(228,1),(229,7),(229,1),(230,2),(230,1),(231,1),(232,1),(233,1),(234,23),(235,1),(236,2),(237,26),(238,1),(239,6),(239,22),(240,1),(241,22),(242,1),(243,1),(244,1),(245,1),(245,2),(246,1),(247,1),(248,1),(249,2),(250,1),(251,1),(252,1),(253,1),(254,1),(254,2),(254,4),(255,1),(256,22),(257,1),(257,25),(258,2),(258,1),(259,2),(259,1),(260,1),(260,2),(261,1),(262,27),(262,7),(263,1),(264,1),(265,1),(266,8),(266,7),(267,1),(267,4),(268,1),(269,1),(270,1),(271,8),(272,1),(273,21),(274,1),(275,1),(276,2),(277,1),(278,1),(279,1),(280,2),(281,1),(282,1),(283,28),(283,15),(283,1),(283,26),(284,1),(285,7),(286,8),(287,7),(287,4),(288,2),(289,1),(289,7),(290,7),(291,1),(292,1),(293,1),(294,1),(295,1),(296,1),(297,8),(298,1),(299,2),(300,1),(301,1),(302,1),(303,1),(304,1),(305,1),(306,1),(307,1),(308,1),(309,2),(310,1),(311,1),(312,17),(312,6),(313,7),(313,6),(314,8),(315,7),(316,1),(317,1),(318,7),(319,7),(320,1),(321,22),(321,29),(322,1),(323,2),(324,1),(325,1),(326,1),(327,1),(328,1),(329,1),(330,1),(331,1),(332,2),(333,1),(334,1),(334,2),(335,6),(335,7),(336,1),(337,4),(337,30),(337,6),(338,1),(339,8),(340,1),(341,1),(341,2),(342,2),(343,18),(343,1),(344,1),(344,2),(345,1),(346,2),(346,1),(347,1),(348,1),(349,1),(350,1),(351,1),(352,1),(352,2),(353,1),(354,1),(354,22),(355,2),(356,7),(356,31),(357,1),(358,1),(359,1),(360,1),(361,1),(362,1),(362,30),(362,32),(363,2),(363,1),(364,2),(364,1),(365,1),(366,1),(367,1),(367,25),(368,1),(369,1),(370,22),(370,7),(370,2),(371,1),(371,15),(371,2),(372,1),(372,15),(373,2),(374,1),(375,1),(376,1),(377,1),(377,2),(377,4),(378,1),(379,19),(380,15),(380,1),(381,13),(382,6),(383,1),(384,1),(385,1),(386,6),(386,24),(387,1),(388,1),(389,23),(389,4),(389,8),(389,18),(389,33),(389,21),(390,1),(391,1),(392,1),(393,1),(393,8),(394,1),(395,6),(395,1),(396,1),(397,1),(398,1),(399,1),(400,2),(401,6),(401,7),(402,1),(403,1),(404,1),(405,1),(406,1),(407,1),(407,2),(407,7),(408,19),(408,21),(408,6),(409,1),(409,2),(410,1),(411,1);
/*!40000 ALTER TABLE `movie_countries` ENABLE KEYS */;
UNLOCK TABLES;

--
-- Table structure for table `movie_genres`
--

DROP TABLE IF EXISTS `movie_genres`;
/*!40101 SET @saved_cs_client     = @@character_set_client */;
/*!40101 SET character_set_client = utf8 */;
CREATE TABLE `movie_genres` (
  `mvg_mov_id` bigint(20) NOT NULL,
  `mvg_gre_id` bigint(20) NOT NULL
) ENGINE=InnoDB DEFAULT CHARSET=latin1;
/*!40101 SET character_set_client = @saved_cs_client */;

--
-- Dumping data for table `movie_genres`
--

LOCK TABLES `movie_genres` WRITE;
/*!40000 ALTER TABLE `movie_genres` DISABLE KEYS */;
INSERT INTO `movie_genres` VALUES (1,1),(1,2),(2,1),(2,2),(2,3),(3,2),(3,4),(3,5),(4,2),(4,6),(4,7),(5,8),(6,9),(6,5),(7,10),(7,11),(7,12),(8,12),(8,13),(8,14),(9,2),(9,7),(10,12),(10,7),(11,11),(11,2),(11,15),(12,9),(12,11),(12,16),(13,2),(14,2),(15,1),(15,2),(16,2),(17,1),(17,2),(17,7),(18,1),(18,2),(18,6),(19,12),(19,2),(19,13),(20,2),(20,13),(20,14),(21,11),(21,16),(22,9),(22,17),(22,3),(23,2),(23,5),(24,9),(24,11),(24,3),(25,12),(25,2),(25,16),(26,9),(26,12),(26,1),(27,2),(27,5),(28,2),(29,9),(29,12),(30,12),(30,13),(31,2),(32,1),(32,2),(33,12),(33,2),(33,7),(34,17),(34,4),(35,12),(36,2),(36,18),(37,12),(37,1),(37,19),(38,2),(38,6),(38,4),(39,12),(39,2),(40,11),(40,2),(40,20),(41,9),(41,1),(41,5),(42,17),(42,4),(42,5),(43,2),(44,9),(44,11),(44,5),(45,1),(45,2),(46,12),(46,2),(46,7),(47,21),(47,12),(47,2),(48,1),(48,2),(48,4),(49,21),(49,12),(49,2),(50,2),(50,13),(50,15),(51,2),(52,4),(52,3),(53,2),(53,18),(53,15),(54,9),(54,11),(54,3),(55,11),(55,12),(55,16),(56,9),(56,12),(56,1),(57,9),(57,1),(57,2),(58,20),(59,12),(59,7),(60,9),(60,1),(60,2),(61,12),(61,2),(62,9),(62,2),(62,7),(63,11),(63,12),(63,19),(64,1),(64,2),(65,11),(65,12),(65,2),(66,10),(66,22),(66,12),(67,2),(67,17),(67,14),(68,2),(68,14),(68,7),(69,9),(69,1),(69,3),(70,12),(70,2),(71,2),(71,15),(72,2),(72,7),(72,15),(73,4),(73,5),(74,1),(74,2),(74,5),(75,16),(75,17),(75,3),(76,2),(76,5),(77,12),(77,2),(77,16),(78,1),(78,2),(79,17),(79,2),(80,2),(80,14),(81,12),(81,2),(82,1),(82,2),(83,1),(83,2),(83,6),(84,2),(84,4),(84,3),(85,1),(85,5),(86,9),(86,11),(87,2),(87,7),(88,11),(88,2),(88,18),(89,12),(90,23),(91,2),(91,7),(91,15),(92,10),(92,12),(92,19),(93,1),(93,5),(94,1),(94,2),(94,6),(95,24),(96,9),(96,1),(96,2),(97,7),(97,20),(98,2),(98,7),(99,12),(99,2),(100,9),(100,11),(100,5),(101,11),(101,21),(101,2),(102,11),(102,2),(102,5),(103,2),(104,9),(104,11),(104,3),(105,2),(105,15),(106,2),(107,2),(108,9),(108,11),(108,2),(109,9),(109,11),(109,3),(110,2),(111,2),(112,11),(112,3),(112,5),(113,12),(113,15),(114,10),(114,11),(114,12),(115,21),(115,2),(115,18),(116,2),(117,2),(117,20),(118,10),(118,11),(118,19),(119,2),(119,7),(119,15),(120,9),(120,12),(120,1),(121,12),(121,7),(122,2),(123,12),(124,11),(124,2),(124,5),(125,1),(125,5),(126,9),(126,11),(126,16),(127,14),(127,7),(128,2),(128,7),(129,9),(129,11),(129,16),(130,2),(130,15),(131,1),(131,2),(131,18),(132,2),(132,20),(133,1),(133,2),(133,4),(134,2),(134,4),(134,5),(135,11),(135,1),(135,4),(136,21),(136,1),(136,2),(137,12),(137,17),(138,2),(138,7),(139,2),(139,7),(140,9),(140,11),(140,20),(141,2),(142,1),(142,2),(143,12),(144,17),(145,16),(145,17),(145,4),(146,12),(146,2),(146,7),(147,2),(148,12),(148,2),(148,7),(149,9),(149,11),(149,16),(150,2),(151,17),(151,4),(152,21),(152,2),(152,18),(153,12),(153,2),(154,12),(154,16),(154,17),(155,9),(155,5),(156,1),(156,2),(157,10),(157,11),(157,12),(158,11),(158,12),(158,2),(159,2),(159,4),(159,5),(160,9),(160,3),(161,2),(161,16),(161,17),(162,12),(162,17),(162,3),(163,2),(163,7),(163,3),(164,1),(164,6),(164,5),(165,12),(165,2),(165,7),(166,17),(167,11),(167,2),(167,20),(168,2),(169,2),(169,5),(170,4),(170,5),(171,2),(171,3),(172,2),(172,4),(172,7),(173,2),(173,7),(174,9),(174,16),(174,15),(175,2),(176,2),(176,3),(177,9),(177,2),(177,16),(178,12),(178,16),(178,17),(179,2),(179,15),(180,1),(180,2),(181,17),(181,5),(182,11),(182,2),(182,16),(183,12),(183,2),(184,12),(185,10),(185,19),(185,16),(186,1),(186,2),(186,7),(187,2),(188,2),(188,3),(188,5),(189,2),(189,7),(189,20),(190,9),(190,3),(191,1),(191,2),(191,5),(192,9),(192,12),(192,2),(193,18),(193,15),(194,12),(194,2),(194,16),(195,2),(195,15),(196,1),(196,2),(196,5),(197,21),(197,1),(197,2),(198,25),(198,13),(199,12),(199,2),(200,2),(200,13),(200,7),(201,1),(201,2),(201,4),(202,10),(202,11),(202,16),(203,2),(203,16),(204,9),(204,1),(204,5),(205,2),(205,13),(205,14),(206,12),(206,14),(206,7),(207,12),(207,1),(207,2),(208,2),(208,4),(208,7),(209,21),(209,2),(209,13),(210,11),(210,12),(210,3),(211,9),(211,11),(212,12),(212,2),(212,7),(213,12),(213,2),(213,7),(214,2),(215,2),(216,12),(216,14),(216,7),(217,2),(217,7),(218,21),(218,2),(218,26),(219,10),(219,11),(219,12),(220,1),(220,2),(221,21),(221,1),(221,2),(222,1),(222,2),(222,5),(223,1),(223,2),(224,1),(224,2),(224,5),(225,11),(226,1),(226,2),(227,2),(228,17),(228,4),(229,2),(229,18),(229,5),(230,1),(230,2),(230,5),(231,1),(231,2),(231,7),(232,2),(232,7),(233,12),(233,7),(234,2),(234,4),(234,5),(235,12),(235,7),(236,2),(236,7),(237,2),(237,7),(238,9),(238,11),(238,3),(239,4),(239,5),(240,1),(240,2),(241,2),(242,12),(242,7),(243,11),(243,21),(243,2),(244,2),(244,16),(244,17),(245,16),(245,17),(246,12),(246,2),(246,7),(247,2),(247,5),(248,12),(248,2),(248,14),(249,2),(249,13),(249,7),(250,12),(250,1),(250,2),(251,12),(251,7),(252,12),(252,2),(252,7),(253,1),(253,2),(253,5),(254,12),(254,2),(255,2),(255,7),(256,21),(256,2),(256,18),(257,11),(257,2),(257,16),(258,2),(258,15),(259,9),(259,3),(260,17),(260,3),(261,1),(261,5),(262,1),(262,2),(263,9),(263,1),(263,2),(264,12),(264,16),(264,17),(265,2),(266,9),(266,2),(266,15),(267,12),(267,13),(268,12),(268,2),(269,11),(269,2),(269,5),(270,2),(270,4),(271,9),(271,2),(271,3),(272,12),(272,2),(273,25),(273,22),(274,12),(274,13),(275,7),(275,12),(276,12),(276,4),(276,5),(277,2),(277,7),(278,2),(278,18),(278,7),(279,2),(279,4),(279,5),(280,2),(281,2),(282,2),(282,19),(282,16),(283,9),(283,2),(283,7),(284,12),(285,12),(285,1),(286,2),(287,12),(287,2),(287,7),(288,12),(288,2),(289,2),(289,7),(290,12),(290,2),(290,7),(291,12),(291,2),(291,7),(292,2),(292,7),(292,15),(293,10),(293,11),(293,12),(294,2),(295,12),(295,20),(296,2),(297,1),(297,2),(297,4),(298,1),(298,2),(298,5),(299,12),(300,4),(300,7),(300,5),(301,2),(301,6),(301,7),(302,2),(302,6),(303,11),(303,2),(304,1),(304,2),(305,1),(305,2),(305,6),(306,12),(306,2),(307,1),(307,2),(307,18),(308,2),(308,16),(308,7),(309,12),(309,2),(309,7),(310,2),(310,26),(311,2),(311,4),(311,5),(312,2),(312,17),(313,1),(313,2),(313,4),(314,1),(314,2),(315,2),(315,5),(315,15),(316,10),(316,11),(316,12),(317,9),(317,11),(317,16),(318,22),(318,16),(319,22),(319,12),(319,2),(320,10),(320,12),(320,1),(321,11),(321,21),(321,2),(322,9),(322,11),(323,12),(323,2),(323,4),(324,11),(324,12),(324,7),(325,9),(325,11),(325,16),(326,2),(326,4),(326,3),(327,9),(327,11),(327,17),(328,9),(328,5),(329,10),(329,19),(329,16),(330,9),(330,11),(330,16),(331,20),(332,6),(332,4),(332,5),(333,2),(333,3),(333,5),(334,9),(334,11),(335,1),(335,2),(335,26),(336,12),(336,16),(336,7),(337,21),(337,2),(337,18),(338,2),(338,4),(339,10),(339,9),(339,3),(340,1),(340,5),(341,2),(341,7),(342,12),(342,2),(342,7),(343,12),(343,2),(344,2),(344,17),(345,2),(345,26),(346,9),(346,17),(346,3),(347,9),(347,2),(347,15),(348,12),(348,14),(348,15),(349,11),(349,12),(349,16),(350,17),(351,11),(351,12),(351,19),(352,9),(352,2),(353,12),(354,2),(354,15),(355,11),(355,21),(355,2),(356,2),(357,2),(357,7),(358,1),(358,2),(358,5),(359,2),(359,6),(360,21),(360,1),(360,2),(361,1),(361,2),(362,2),(362,7),(363,11),(363,19),(363,16),(364,11),(364,2),(364,15),(365,9),(365,11),(365,20),(366,10),(366,19),(366,16),(367,9),(367,11),(367,2),(368,11),(368,3),(369,1),(369,2),(370,2),(371,3),(371,5),(372,1),(372,2),(372,5),(373,12),(373,1),(374,12),(374,1),(374,2),(375,10),(375,11),(375,2),(376,10),(376,9),(376,11),(377,9),(377,2),(377,5),(378,1),(378,2),(378,16),(379,2),(380,9),(380,1),(380,2),(381,2),(381,4),(381,3),(382,2),(382,18),(383,12),(383,3),(384,2),(384,6),(384,5),(385,2),(385,4),(385,5),(386,2),(386,15),(387,22),(388,12),(388,16),(388,17),(389,2),(389,16),(389,18),(390,9),(390,5),(391,9),(392,12),(392,2),(392,16),(393,9),(393,1),(393,5),(394,9),(394,1),(394,5),(395,17),(396,12),(397,12),(397,2),(397,7),(398,2),(399,9),(399,11),(400,25),(400,22),(401,20),(402,11),(402,19),(402,16),(403,21),(403,2),(403,26),(404,9),(404,12),(404,1),(405,11),(405,12),(405,2),(406,12),(406,13),(406,5),(407,9),(407,1),(407,2),(408,12),(408,2),(408,7),(409,21),(409,2),(410,1),(410,2),(411,12);
/*!40000 ALTER TABLE `movie_genres` ENABLE KEYS */;
UNLOCK TABLES;

--
-- Table structure for table `movie_writers`
--

DROP TABLE IF EXISTS `movie_writers`;
/*!40101 SET @saved_cs_client     = @@character_set_client */;
/*!40101 SET character_set_client = utf8 */;
CREATE TABLE `movie_writers` (
  `mvr_mov_id` bigint(20) NOT NULL,
  `mvr_wrt_id` bigint(20) NOT NULL
) ENGINE=InnoDB DEFAULT CHARSET=latin1;
/*!40101 SET character_set_client = @saved_cs_client */;

--
-- Dumping data for table `movie_writers`
--

LOCK TABLES `movie_writers` WRITE;
/*!40000 ALTER TABLE `movie_writers` DISABLE KEYS */;
INSERT INTO `movie_writers` VALUES (1,1),(1,2),(2,3),(2,4),(3,5),(3,6),(3,7),(3,8),(3,9),(3,10),(4,11),(4,12),(4,13),(4,14),(5,15),(6,16),(6,17),(7,18),(7,19),(7,20),(7,21),(7,22),(8,23),(9,24),(10,25),(10,26),(11,27),(11,28),(12,29),(13,30),(13,31),(14,32),(14,33),(15,34),(15,35),(16,36),(16,37),(17,38),(17,39),(17,40),(18,41),(18,42),(19,43),(19,44),(19,45),(19,46),(19,47),(20,48),(20,49),(21,50),(21,51),(21,52),(21,53),(22,54),(22,55),(23,56),(23,57),(24,58),(24,59),(24,60),(24,61),(24,62),(25,63),(26,64),(26,65),(26,66),(26,67),(26,68),(26,69),(26,70),(26,71),(27,72),(28,73),(28,74),(29,75),(29,76),(30,77),(30,78),(30,79),(31,80),(31,81),(31,82),(32,83),(32,84),(32,85),(33,86),(33,87),(33,88),(33,89),(34,90),(34,91),(34,92),(35,93),(36,94),(36,95),(36,96),(36,97),(36,98),(36,99),(37,100),(38,101),(38,102),(38,103),(38,104),(38,105),(39,106),(39,107),(39,108),(39,109),(39,110),(39,111),(39,112),(40,113),(40,114),(41,115),(41,116),(41,117),(41,118),(41,119),(42,120),(42,121),(43,122),(43,123),(43,124),(44,125),(44,126),(44,127),(44,128),(45,129),(45,130),(46,131),(47,132),(48,133),(48,134),(48,135),(49,136),(50,137),(50,138),(51,139),(51,140),(52,3),(52,141),(53,142),(53,143),(53,144),(54,145),(54,146),(54,147),(54,148),(54,149),(54,150),(54,151),(54,152),(55,153),(55,154),(55,155),(55,156),(55,157),(55,158),(56,159),(56,160),(56,44),(56,45),(56,46),(57,161),(57,162),(58,163),(58,164),(58,165),(58,166),(58,167),(59,168),(59,169),(59,170),(59,171),(60,172),(61,173),(61,174),(62,175),(62,176),(62,177),(63,178),(63,179),(64,180),(65,181),(65,182),(65,183),(66,184),(66,185),(67,186),(67,187),(67,188),(68,189),(68,190),(69,191),(69,192),(70,193),(70,182),(70,183),(71,194),(71,3),(71,195),(71,196),(72,197),(72,198),(72,199),(72,200),(72,201),(73,202),(73,203),(74,204),(74,205),(75,206),(76,207),(76,208),(76,209),(76,210),(76,211),(77,212),(77,213),(78,214),(78,215),(78,216),(79,217),(80,218),(80,219),(80,220),(80,221),(81,222),(81,223),(82,224),(82,225),(83,226),(83,227),(83,228),(84,229),(84,230),(84,231),(85,232),(85,233),(86,234),(86,235),(86,236),(86,237),(87,238),(87,239),(88,240),(88,241),(88,242),(89,3),(89,243),(89,244),(89,245),(90,15),(91,246),(91,247),(92,248),(92,249),(92,250),(92,251),(93,252),(93,253),(94,254),(94,255),(95,15),(96,216),(97,256),(97,257),(97,258),(97,259),(97,260),(97,261),(98,262),(98,263),(99,264),(100,265),(100,266),(101,170),(101,267),(102,268),(102,269),(103,270),(104,271),(104,272),(104,273),(104,274),(104,275),(104,276),(105,277),(105,278),(106,279),(107,280),(108,254),(108,281),(109,274),(109,275),(109,273),(109,282),(109,283),(109,284),(109,285),(110,286),(111,287),(112,288),(112,289),(112,290),(113,93),(114,291),(114,292),(114,293),(114,294),(115,295),(116,296),(117,297),(117,298),(117,299),(118,300),(119,301),(119,302),(119,303),(119,304),(120,305),(120,306),(121,93),(121,307),(122,308),(122,225),(123,309),(124,310),(124,311),(124,312),(125,313),(125,278),(126,314),(126,315),(126,316),(126,317),(126,318),(126,319),(127,320),(127,321),(127,322),(127,323),(128,324),(128,325),(129,29),(130,326),(130,327),(130,328),(131,329),(131,330),(132,331),(132,332),(132,333),(132,334),(133,335),(134,336),(135,337),(136,338),(136,339),(136,38),(137,76),(137,75),(138,340),(138,341),(138,342),(139,15),(140,343),(141,344),(141,345),(141,346),(142,347),(143,348),(143,349),(143,350),(143,351),(143,352),(144,353),(144,354),(145,355),(145,356),(146,357),(146,358),(146,359),(147,360),(147,361),(147,362),(147,363),(148,93),(148,307),(149,364),(149,365),(149,366),(150,367),(151,368),(152,369),(152,370),(153,371),(153,80),(153,372),(154,373),(154,374),(155,17),(155,375),(155,376),(155,377),(155,16),(156,378),(156,327),(157,379),(157,380),(157,291),(157,381),(157,382),(157,292),(157,383),(157,384),(158,131),(159,206),(160,24),(160,385),(161,386),(161,387),(162,388),(162,389),(162,390),(163,391),(163,392),(163,393),(163,394),(164,395),(164,396),(165,397),(166,398),(167,399),(167,400),(168,401),(168,402),(168,403),(169,404),(170,405),(171,349),(171,406),(171,407),(172,408),(172,409),(173,325),(174,410),(174,411),(174,412),(174,413),(174,414),(175,415),(175,127),(175,416),(176,417),(177,418),(177,419),(177,420),(178,306),(179,421),(179,422),(179,423),(179,424),(179,425),(180,426),(180,427),(180,428),(181,429),(181,430),(182,431),(182,432),(182,433),(182,434),(183,93),(184,435),(185,436),(185,437),(185,438),(185,439),(185,440),(185,441),(185,442),(185,443),(185,444),(185,445),(185,446),(186,447),(186,448),(186,449),(187,450),(187,451),(187,452),(187,95),(187,453),(187,454),(187,455),(187,456),(187,457),(188,458),(188,459),(188,460),(188,145),(188,146),(188,461),(189,462),(190,463),(190,464),(191,465),(191,466),(192,467),(192,465),(192,468),(193,469),(194,470),(194,471),(194,472),(195,473),(195,474),(196,475),(196,476),(196,477),(197,478),(197,479),(198,480),(199,481),(200,482),(201,483),(201,484),(202,300),(203,485),(203,486),(203,487),(203,488),(203,489),(204,490),(205,491),(205,492),(206,493),(207,494),(208,408),(208,495),(209,496),(209,497),(210,498),(210,499),(210,500),(210,501),(210,502),(211,503),(211,504),(211,366),(212,505),(212,506),(212,507),(213,508),(213,509),(213,510),(214,511),(215,512),(216,513),(216,514),(216,515),(216,516),(216,517),(217,518),(217,519),(217,520),(218,521),(219,380),(219,522),(219,523),(219,524),(219,292),(219,525),(220,84),(220,83),(220,85),(221,338),(221,339),(221,38),(222,526),(222,527),(223,528),(224,529),(225,254),(225,530),(225,531),(226,532),(226,533),(226,534),(226,535),(227,536),(228,537),(229,528),(229,538),(229,539),(229,540),(230,541),(231,233),(231,542),(232,543),(233,544),(233,545),(234,546),(234,547),(235,548),(236,549),(236,550),(236,551),(236,552),(237,553),(238,554),(239,355),(240,214),(240,555),(240,556),(240,528),(241,15),(242,557),(242,558),(242,559),(242,560),(243,561),(243,562),(244,563),(244,564),(245,565),(245,566),(245,567),(245,568),(246,569),(247,570),(247,571),(247,572),(248,573),(248,574),(248,575),(248,576),(249,577),(249,578),(249,579),(249,580),(249,581),(250,582),(251,583),(251,584),(252,585),(253,586),(253,587),(253,588),(254,589),(254,590),(254,591),(255,592),(255,593),(255,594),(255,595),(255,596),(255,597),(255,598),(256,599),(257,431),(257,432),(257,433),(257,434),(258,600),(259,24),(259,601),(259,602),(260,603),(260,604),(260,605),(261,606),(261,607),(261,608),(261,609),(261,610),(262,611),(262,612),(263,613),(264,614),(265,615),(265,616),(265,617),(266,80),(266,82),(266,618),(266,340),(267,619),(268,620),(268,621),(269,622),(269,623),(269,624),(270,625),(270,626),(271,627),(271,628),(272,29),(272,629),(272,630),(273,631),(274,632),(274,633),(274,634),(274,635),(275,584),(276,636),(276,637),(276,638),(277,639),(277,640),(278,641),(278,642),(279,643),(280,644),(280,580),(280,581),(281,367),(282,645),(282,646),(283,647),(283,648),(283,649),(283,650),(284,651),(284,652),(285,653),(285,654),(285,655),(285,656),(285,657),(286,658),(286,659),(287,660),(288,661),(289,536),(290,662),(290,663),(291,664),(292,102),(292,665),(293,379),(293,380),(293,666),(293,291),(293,292),(293,667),(293,668),(293,669),(294,670),(295,671),(295,672),(295,673),(295,674),(295,675),(295,676),(296,677),(296,678),(296,679),(297,82),(297,372),(297,680),(297,80),(297,681),(298,682),(298,683),(299,153),(299,154),(299,156),(299,155),(299,157),(299,158),(300,684),(300,685),(300,686),(300,687),(301,688),(302,689),(302,690),(302,691),(303,386),(303,692),(303,693),(304,694),(305,557),(305,695),(305,696),(306,222),(306,223),(307,697),(307,698),(308,699),(308,700),(308,701),(309,702),(310,703),(311,173),(312,704),(312,705),(312,706),(312,707),(312,708),(313,529),(313,709),(314,710),(314,80),(314,81),(314,711),(315,712),(315,713),(315,714),(316,715),(316,716),(316,318),(316,319),(316,439),(316,717),(316,718),(316,440),(316,719),(316,720),(316,721),(316,722),(316,723),(316,724),(316,725),(316,726),(316,727),(316,438),(316,441),(316,728),(317,729),(317,730),(317,731),(317,732),(317,733),(317,734),(318,735),(318,736),(319,737),(320,738),(320,739),(320,740),(321,599),(322,364),(322,366),(322,741),(323,580),(323,581),(324,742),(324,743),(324,744),(325,465),(325,364),(325,366),(326,336),(327,745),(328,746),(328,747),(328,748),(328,749),(329,750),(329,751),(329,752),(329,753),(329,754),(329,755),(329,756),(329,757),(329,758),(329,759),(330,29),(331,760),(331,761),(331,762),(332,763),(332,764),(333,765),(334,766),(334,767),(334,230),(334,768),(335,769),(335,770),(335,771),(335,95),(335,96),(335,98),(335,97),(335,99),(335,772),(336,773),(336,774),(336,775),(337,776),(337,777),(337,778),(337,779),(338,780),(339,781),(339,782),(339,783),(339,784),(339,785),(339,786),(340,787),(341,788),(341,789),(342,580),(342,581),(343,790),(343,791),(344,386),(344,3),(344,792),(345,793),(345,794),(345,795),(346,796),(346,797),(346,798),(346,799),(346,800),(346,801),(347,802),(348,803),(348,804),(348,805),(348,806),(349,305),(349,807),(350,808),(350,809),(351,810),(351,811),(352,812),(352,813),(352,186),(352,814),(353,815),(353,816),(354,3),(354,357),(354,817),(354,818),(355,819),(355,370),(355,13),(356,820),(357,821),(357,822),(357,823),(357,824),(358,825),(358,826),(358,827),(359,828),(359,829),(359,830),(360,831),(361,427),(361,832),(361,833),(362,309),(362,834),(363,835),(363,836),(364,837),(364,838),(364,13),(365,839),(365,840),(365,841),(365,842),(366,843),(366,844),(366,701),(367,431),(367,432),(367,433),(367,845),(367,434),(368,13),(368,846),(368,837),(369,543),(370,847),(370,848),(371,849),(371,850),(371,851),(372,852),(372,853),(372,854),(373,855),(373,856),(373,169),(374,204),(374,205),(375,857),(375,858),(375,859),(375,437),(375,439),(375,860),(375,861),(375,862),(375,863),(375,864),(375,865),(375,440),(375,866),(375,438),(375,867),(375,722),(375,443),(375,868),(375,869),(375,720),(375,870),(375,871),(375,872),(375,873),(375,874),(375,875),(375,876),(375,877),(375,878),(376,879),(377,880),(377,881),(377,882),(378,386),(378,2),(379,15),(380,883),(381,884),(381,885),(381,886),(382,887),(383,888),(383,889),(383,890),(384,891),(384,892),(385,327),(386,893),(386,894),(386,895),(387,896),(387,897),(387,898),(388,899),(388,900),(388,901),(388,902),(388,903),(389,904),(389,905),(389,906),(389,907),(389,908),(390,909),(390,910),(390,911),(391,216),(391,912),(391,913),(392,914),(392,915),(392,916),(393,917),(393,918),(393,919),(394,216),(394,912),(394,913),(395,920),(396,921),(396,922),(396,923),(397,924),(397,925),(398,926),(399,927),(399,928),(399,290),(400,15),(401,929),(401,930),(401,931),(401,932),(401,933),(401,934),(402,935),(402,936),(402,937),(402,938),(402,939),(403,940),(403,941),(403,942),(403,943),(403,39),(404,944),(405,945),(406,946),(407,947),(408,948),(409,949),(409,950),(409,405),(409,951),(409,952),(410,953),(411,93);
/*!40000 ALTER TABLE `movie_writers` ENABLE KEYS */;
UNLOCK TABLES;

--
-- Table structure for table `movies`
--

DROP TABLE IF EXISTS `movies`;
/*!40101 SET @saved_cs_client     = @@character_set_client */;
/*!40101 SET character_set_client = utf8 */;
CREATE TABLE `movies` (
  `mov_id` bigint(20) unsigned NOT NULL AUTO_INCREMENT,
  `mov_dir_id` bigint(20) NOT NULL,
  `mov_title` text NOT NULL,
  `mov_year` int(4) NOT NULL,
  `mov_released` text NOT NULL,
  `mov_runtime` int(11) NOT NULL,
  `mov_synopsis` text NOT NULL,
  `mov_poster` text NOT NULL,
  `mov_language` text NOT NULL,
  `mov_awards` text NOT NULL,
  PRIMARY KEY (`mov_id`)
) ENGINE=InnoDB AUTO_INCREMENT=412 DEFAULT CHARSET=latin1;
/*!40101 SET character_set_client = @saved_cs_client */;

--
-- Dumping data for table `movies`
--

LOCK TABLES `movies` WRITE;
/*!40000 ALTER TABLE `movies` DISABLE KEYS */;
INSERT INTO `movies` VALUES (1,1,'The Shawshank Redemption',1994,'14 Oct 1994',142,'Two imprisoned men bond over a number of years, finding solace and eventual redemption through acts of common decency.','http://ia.media-imdb.com/images/M/MV5BODU4MjU4NjIwNl5BMl5BanBnXkFtZTgwMDU2MjEyMDE@._V1_SX300.jpg','English','Nominated for 7 Oscars. Another 14 wins & 21 nominations.'),(2,2,'A Clockwork Orange',1971,'02 Feb 1972',136,'In future Britain, charismatic delinquent Alex DeLarge is jailed and volunteers for an experimental aversion therapy developed by the government in an effort to solve society\'s crime problem - but not all goes according to plan.','http://ia.media-imdb.com/images/M/MV5BMTY3MjM1Mzc4N15BMl5BanBnXkFtZTgwODM0NzAxMDE@._V1_SX300.jpg','English','Nominated for 4 Oscars. Another 8 wins & 17 nominations.'),(3,3,'Oldboy',2003,'21 Nov 2003',120,'After being kidnapped and imprisoned for 15 years, Oh Dae-Su is released, only to find that he must find his captor in 5 days.','http://ia.media-imdb.com/images/M/MV5BMTI3NTQyMzU5M15BMl5BanBnXkFtZTcwMTM2MjgyMQ@@._V1_SX300.jpg','Korean','26 wins & 16 nominations.'),(4,4,'A Place in the Sun',1951,'11 Oct 1951',122,'A poor boy gets a job working for his rich uncle and ends up falling in love with two women.','http://ia.media-imdb.com/images/M/MV5BNDExMDU1NTUxNl5BMl5BanBnXkFtZTYwMjYyMTU5._V1_SX300.jpg','English','Won 6 Oscars. Another 8 wins & 10 nominations.'),(5,5,'Black Snatch 8',2000,'N/A',0,'N/A','N/A','English','N/A'),(6,6,'The Bourne Supremacy',2004,'23 Jul 2004',108,'When Jason Bourne is framed for a CIA operation gone awry, he is forced to resume his former life as a trained assassin to survive.','http://ia.media-imdb.com/images/M/MV5BMTAxODk0MjEyMjZeQTJeQWpwZ15BbWU2MDgzMzExNw@@._V1_SX300.jpg','English, Russian, German, Italian','5 wins & 21 nominations.'),(7,7,'The Jungle Book',1967,'11 May 1967',78,'Bagheera the Panther and Baloo the Bear have a difficult time trying to convince a boy to leave the jungle for human civilization.','http://ia.media-imdb.com/images/M/MV5BMjAwMTExODExNl5BMl5BanBnXkFtZTgwMjM2MDgyMTE@._V1_SX300.jpg','English','Nominated for 1 Oscar. Another 4 wins & 3 nominations.'),(8,8,'Hairspray',1988,'26 Feb 1988',92,'A \'pleasantly plump\' teenager teaches 1962 Baltimore a thing or two about integration after landing a spot on a local TV dance show.','http://ia.media-imdb.com/images/M/MV5BMTczMTc2NzYzM15BMl5BanBnXkFtZTYwNzI1OTc5._V1_SX300.jpg','English','7 nominations.'),(9,9,'Titanic',1997,'19 Dec 1997',194,'A seventeen-year-old aristocrat falls in love with a kind, but poor artist aboard the luxurious, ill-fated R.M.S. Titanic.','http://ia.media-imdb.com/images/M/MV5BMjExNzM0NDM0N15BMl5BanBnXkFtZTcwMzkxOTUwNw@@._V1_SX300.jpg','English, French, German, Swedish, Italian, Russian','Won 11 Oscars. Another 108 wins & 73 nominations.'),(10,10,'The Philadelphia Story',1940,'26 Dec 1940',112,'When a rich woman\'s ex-husband and a tabloid-type reporter turn up just before her planned remarriage, she begins to learn the truth about herself.','http://ia.media-imdb.com/images/M/MV5BMjA2NzYzMjE3MF5BMl5BanBnXkFtZTgwNDExMDY0MzE@._V1_SX300.jpg','English, French','Won 2 Oscars. Another 3 wins & 5 nominations.'),(11,11,'Ben-Hur',1959,'26 Dec 1959',212,'When a Jewish prince is betrayed and sent into slavery by a Roman friend, he regains his freedom and comes back for revenge.','http://ia.media-imdb.com/images/M/MV5BNjg2NjA3NDY2OV5BMl5BanBnXkFtZTgwNzE3NTkxMTE@._V1_SX300.jpg','English','Won 11 Oscars. Another 16 wins & 13 nominations.'),(12,12,'Star Wars: Episode IV - A New Hope',1977,'25 May 1977',121,'Luke Skywalker joins forces with a Jedi Knight, a cocky pilot, a wookiee and two droids to save the galaxy from the Empire\'s world-destroying battle-station, while also attempting to rescue Princess Leia from the evil Darth Vader.','http://ia.media-imdb.com/images/M/MV5BOTIyMDY2NGQtOGJjNi00OTk4LWFhMDgtYmE3M2NiYzM0YTVmXkEyXkFqcGdeQXVyNTU1NTcwOTk@._V1_SX300.jpg','English','Won 6 Oscars. Another 38 wins & 28 nominations.'),(13,13,'The Death of Mr. Lazarescu',2005,'22 Sep 2005',153,'Mr. Lazarescu, a 63 year old lonely man feels sick and calls the ambulance. When it arrives, the paramedic decides he should take him to the hospital but once there they decide to send him ...','http://ia.media-imdb.com/images/M/MV5BMTcxNDk3MTQ3OF5BMl5BanBnXkFtZTcwODgwODczMQ@@._V1_SX300.jpg','Romanian','28 wins & 13 nominations.'),(14,14,'Glengarry Glen Ross',1992,'02 Oct 1992',100,'An examination of the machinations behind the scenes at a real estate office.','http://ia.media-imdb.com/images/M/MV5BMTM5MjYyNTQ5MF5BMl5BanBnXkFtZTgwMDM1MzcxMTE@._V1_SX300.jpg','English','Nominated for 1 Oscar. Another 5 wins & 7 nominations.'),(15,15,'12 Angry Men',1957,'01 Apr 1957',96,'A jury holdout attempts to prevent a miscarriage of justice by forcing his colleagues to reconsider the evidence.','http://ia.media-imdb.com/images/M/MV5BODQwOTc5MDM2N15BMl5BanBnXkFtZTcwODQxNTEzNA@@._V1_SX300.jpg','English','Nominated for 3 Oscars. Another 16 wins & 8 nominations.'),(16,16,'Trainspotting',1996,'09 Aug 1996',94,'Renton, deeply immersed in the Edinburgh drug scene, tries to clean up and get out, despite the allure of the drugs and influence of friends.','http://ia.media-imdb.com/images/M/MV5BMTg2MzcxNTY3NV5BMl5BanBnXkFtZTgwOTQ5NDQxMDE@._V1_SX300.jpg','English','Nominated for 1 Oscar. Another 20 wins & 26 nominations.'),(17,17,'Mean Streets',1973,'14 Oct 1973',112,'Following the life of a small-time hood who struggles with a moral crisis regarding his friends, family, business, and his conflicting religious beliefs.','http://ia.media-imdb.com/images/M/MV5BMjAxMTU5NTczMF5BMl5BanBnXkFtZTgwMjgxMzc1MDE@._V1_SX300.jpg','English, Italian','6 wins & 5 nominations.'),(18,18,'The Night of the Hunter',1955,'24 Nov 1955',92,'A religious fanatic marries a gullible widow whose young children are reluctant to tell him where their real daddy hid $10,000 he\'d stolen in a robbery.','http://ia.media-imdb.com/images/M/MV5BMTExODUyNTY4OTNeQTJeQWpwZ15BbWU3MDI5NjY2MTQ@._V1_SX300.jpg','English','2 wins.'),(19,19,'High Fidelity',2000,'31 Mar 2000',113,'Rob, a record store owner and compulsive list maker, recounts his top five breakups, including the one in progress.','http://ia.media-imdb.com/images/M/MV5BMTgxMTI1ODYyOV5BMl5BanBnXkFtZTYwNjQyOTI3._V1_SX300.jpg','English, Danish','Nominated for 1 Golden Globe. Another 3 wins & 21 nominations.'),(20,20,'All That Jazz',1979,'20 Dec 1979',123,'Director/choreographer Bob Fosse tells his own life story as he details the sordid life of Joe Gideon, a womanizing, drug-using dancer.','http://ia.media-imdb.com/images/M/MV5BMTI1NDM2NzEzOV5BMl5BanBnXkFtZTYwMTE2Mzc5._V1_SX300.jpg','English, Spanish','Won 4 Oscars. Another 6 wins & 13 nominations.'),(21,21,'King Kong',1933,'07 Apr 1933',100,'A film crew goes to a tropical island for an exotic location shoot and discovers a colossal giant gorilla who takes a shine to their female blonde star. Then he\'s captured and brought back to New York City for public exhibition.','http://ia.media-imdb.com/images/M/MV5BODM0MTEyMjQxOF5BMl5BanBnXkFtZTgwNzYwNTk1MjE@._V1._CR8.883331298828125,6.5333404541015625,344,488_SY132_CR2,0,89,132_AL_.jpg_V1_SX300.jpg','English','3 wins & 4 nominations.'),(22,22,'Predator',1987,'12 Jun 1987',107,'A team of commandos on a mission in a Central American jungle find themselves hunted by an extra-terrestrial warrior.','http://ia.media-imdb.com/images/M/MV5BMTI2ODMzODA0Ml5BMl5BanBnXkFtZTYwNTM3NzY5._V1._CR17,27,308,447_SY132_CR1,0,89,132_AL_.jpg_V1_SX300.jpg','English, Spanish','Nominated for 1 Oscar. Another 3 wins & 4 nominations.'),(23,23,'Fatal Attraction',1987,'18 Sep 1987',119,'A married man\'s one night stand comes back to haunt him when that lover begins to stalk him and his family.','http://ia.media-imdb.com/images/M/MV5BMTcyODA3NjcxMl5BMl5BanBnXkFtZTcwOTY1NTk3OA@@._V1_SX300.jpg','English','Nominated for 6 Oscars. Another 7 wins & 16 nominations.'),(24,24,'Transformers',2007,'03 Jul 2007',144,'An ancient struggle between two Cybertronian races, the heroic Autobots and the evil Decepticons, comes to Earth, with a clue to the ultimate power held by a teenager.','http://ia.media-imdb.com/images/M/MV5BMTQwNjU5MzUzNl5BMl5BanBnXkFtZTYwMzc1MTI3._V1_SX300.jpg','English, Spanish','Nominated for 3 Oscars. Another 19 wins & 40 nominations.'),(25,25,'Being John Malkovich',1999,'03 Dec 1999',112,'A puppeteer discovers a portal that leads literally into the head of the movie star, John Malkovich.','http://ia.media-imdb.com/images/M/MV5BMTUyMjI4OTE3MV5BMl5BanBnXkFtZTcwNzMxMTUxMQ@@._V1_SX300.jpg','English','Nominated for 3 Oscars. Another 48 wins & 74 nominations.'),(26,26,'Danger: Diabolik',1968,'01 May 1968',105,'In psychedelic swinging 60s style, the dreaded thief (and killer) Diabolik wreaks havoc on a generic European country for his own financial gain and amusement. He shares an extravagant ...','http://ia.media-imdb.com/images/M/MV5BMTUxNDE1NDEwMV5BMl5BanBnXkFtZTgwMTc1NDc2MTE@._V1_SX300.jpg','Italian','N/A'),(27,27,'The Lives of Others',2006,'30 Mar 2007',137,'In 1984 East Berlin, an agent of the secret police, conducting surveillance on a writer and his lover, finds himself becoming increasingly absorbed by their lives.','http://ia.media-imdb.com/images/M/MV5BNDUzNjYwNDYyNl5BMl5BanBnXkFtZTcwNjU3ODQ0MQ@@._V1_SX300.jpg','German','Won 1 Oscar. Another 75 wins & 32 nominations.'),(28,28,'Fight Club',1999,'15 Oct 1999',139,'An insomniac office worker, looking for a way to change his life, crosses paths with a devil-may-care soap maker, forming an underground fight club that evolves into something much, much more...','http://ia.media-imdb.com/images/M/MV5BMjIwNTYzMzE1M15BMl5BanBnXkFtZTcwOTE5Mzg3OA@@._V1_SX300.jpg','English','Nominated for 1 Oscar. Another 9 wins & 30 nominations.'),(29,29,'Hot Fuzz',2007,'20 Apr 2007',121,'Exceptional London cop Nicholas Angel is involuntarily transferred to a quaint English village and paired with a witless new partner. While on the beat, Nicholas suspects a sinister conspiracy is afoot with the residents.','http://ia.media-imdb.com/images/M/MV5BMTIxODg2NDU1MF5BMl5BanBnXkFtZTcwOTc3MDM0MQ@@._V1_SX300.jpg','English','2 wins & 8 nominations.'),(30,30,'Beyond the Valley of the Dolls',1970,'17 Jun 1970',109,'Three girls come to Hollywood to make it big, but find only sex, drugs and sleaze.','http://ia.media-imdb.com/images/M/MV5BMTYzMTgyODA4OV5BMl5BanBnXkFtZTcwNTk0NzMzMQ@@._V1_SX300.jpg','English','N/A'),(31,31,'Seven Samurai',1954,'19 Nov 1956',207,'A poor village under attack by bandits recruits seven unemployed samurai to help them defend themselves.','http://ia.media-imdb.com/images/M/MV5BMTc5MDY1MjU5MF5BMl5BanBnXkFtZTgwNDM2OTE4MzE@._V1_SX300.jpg','Japanese','Nominated for 2 Oscars. Another 5 wins & 6 nominations.'),(32,32,'The Godfather: Part II',1974,'20 Dec 1974',202,'The early life and career of Vito Corleone in 1920s New York is portrayed while his son, Michael, expands and tightens his grip on his crime syndicate stretching from Lake Tahoe, Nevada to pre-revolution 1958 Cuba.','http://ia.media-imdb.com/images/M/MV5BNDc2NTM3MzU1Nl5BMl5BanBnXkFtZTcwMTA5Mzg3OA@@._V1_SX300.jpg','English, Italian, Spanish, Latin, Sicilian','Won 6 Oscars. Another 10 wins & 20 nominations.'),(33,33,'Tootsie',1982,'17 Dec 1982',116,'Michael Dorsey, an unsuccessful actor, disguises himself as a woman in order to get a role on a trashy hospital soap.','http://ia.media-imdb.com/images/M/MV5BMTcxNTQ0ODE0OV5BMl5BanBnXkFtZTcwNzc1Mjk3OA@@._V1_SX300.jpg','English','Won 1 Oscar. Another 24 wins & 29 nominations.'),(34,34,'Saw',2004,'29 Oct 2004',103,'Two strangers awaken in a room with no recollection of how they got there or why, and soon discover they are pawns in a deadly game perpetrated by a notorious serial killer.','http://ia.media-imdb.com/images/M/MV5BMjAyNTcxNzYwMV5BMl5BanBnXkFtZTgwMzQzNzM5MjE@._V1_SX300.jpg','English','8 wins & 10 nominations.'),(35,35,'Radio Days',1987,'30 Jan 1987',88,'A nostalgic look at radio\'s golden age focusing on one ordinary family and the various performers in the medium.','http://ia.media-imdb.com/images/M/MV5BMTYwNDg1NDYzOF5BMl5BanBnXkFtZTcwMDIwMzg4NA@@._V1_SX300.jpg','English','Nominated for 2 Oscars. Another 3 wins & 7 nominations.'),(36,36,'The Leopard',1963,'15 Jul 1963',187,'The Prince of Salina, a noble aristocrat of impeccable integrity, tries to preserve his family and class amid the tumultuous social upheavals of 1860\'s Sicily.','http://ia.media-imdb.com/images/M/MV5BMTg0ODY5MTI2OV5BMl5BanBnXkFtZTcwMjUwNTY0NA@@._V1_SX300.jpg','Italian, Latin, French','Nominated for 1 Oscar. Another 10 wins & 5 nominations.'),(37,37,'Bugsy Malone',1976,'15 Sep 1976',93,'The classic gangster story of Bugsy Malone told with an all child cast.','http://ia.media-imdb.com/images/M/MV5BMTg0MDQwMTA0NF5BMl5BanBnXkFtZTcwNzczODAwMQ@@._V1_SX300.jpg','English, Italian','Nominated for 1 Oscar. Another 5 wins & 9 nominations.'),(38,38,'Rebecca',1940,'12 Apr 1940',130,'A self-conscious bride is tormented by the memory of her husband\'s dead first wife.','http://ia.media-imdb.com/images/M/MV5BMTM5ODA4ODMzM15BMl5BanBnXkFtZTcwOTA2NTEwNA@@._V1._CR9,22,314,458_SY132_CR0,0,89,132_AL_.jpg_V1_SX300.jpg','English, French','Won 2 Oscars. Another 2 wins & 10 nominations.'),(39,39,'La Dolce Vita',1960,'19 Apr 1961',174,'A series of stories following a week in the life of a philandering paparazzo journalist living in Rome.','http://ia.media-imdb.com/images/M/MV5BMTg3NjU5MTk2Ml5BMl5BanBnXkFtZTgwNTY2MTE1MjE@._V1_SX300.jpg','Italian, English, French, German','Won 1 Oscar. Another 10 wins & 12 nominations.'),(40,40,'The Searchers',1956,'13 Mar 1956',119,'A Civil War veteran embarks on a journey to rescue his niece from an Indian tribe.','http://ia.media-imdb.com/images/M/MV5BMTc4NzIzMDUyNV5BMl5BanBnXkFtZTgwNjMxNjEwMzE@._V1._CR8,2,317,492_SX89_AL_.jpg_V1_SX300.jpg','English, Navajo, Spanish','Won 1 Golden Globe. Another 2 wins & 2 nominations.'),(41,41,'Dirty Harry',1971,'23 Dec 1971',102,'When a mad man calling himself \'the Scorpio Killer\' menaces the city, tough as nails San Francisco Police Inspector Harry Callahan is assigned to track down and ferret out the crazed psychopath.','http://ia.media-imdb.com/images/M/MV5BMTg3MDQ4Njg5MV5BMl5BanBnXkFtZTgwMTU2OTM5NDE@._V1._CR96,139,852,1256_SY132_CR0,0,89,132_AL_.jpg_V1_SX300.jpg','English','1 win & 1 nomination.'),(42,38,'Psycho',1960,'08 Sep 1960',109,'A Phoenix secretary steals $40,000 from her employer\'s client, goes on the run and checks into a remote motel run by a young man under the domination of his mother.','http://ia.media-imdb.com/images/M/MV5BMTgzMzM3NDY0NF5BMl5BanBnXkFtZTgwNDgwNDgwNzE@._V1_SX300.jpg','English','Nominated for 4 Oscars. Another 4 wins & 9 nominations.'),(43,42,'Rebel Without a Cause',1955,'27 Oct 1955',111,'A rebellious young man with a troubled past comes to a new town, finding friends and enemies.','http://ia.media-imdb.com/images/M/MV5BMTg2ODcxOTU1OV5BMl5BanBnXkFtZTgwNzA3ODI1MDE@._V1_SX300.jpg','English','Nominated for 3 Oscars. Another 2 wins & 3 nominations.'),(44,43,'Casino Royale',2006,'17 Nov 2006',144,'Armed with a licence to kill, Secret Agent James Bond sets out on his first mission as 007 and must defeat a weapons dealer in a high stakes game of poker at Casino Royale, but things are not what they seem.','http://ia.media-imdb.com/images/M/MV5BMTM5MjI4NDExNF5BMl5BanBnXkFtZTcwMDM1MjMzMQ@@._V1_SX300.jpg','English, French','Won 1 BAFTA Film Award. Another 25 wins & 39 nominations.'),(45,44,'To Kill a Mockingbird',1962,'16 Mar 1963',129,'Atticus Finch, a lawyer in the Depression-era South, defends a black man against an undeserved rape charge, and his kids against prejudice.','http://ia.media-imdb.com/images/M/MV5BMjA4MzI1NDY2Nl5BMl5BanBnXkFtZTcwMTcyODc5Mw@@._V1_SX300.jpg','English','Won 3 Oscars. Another 10 wins & 16 nominations.'),(46,45,'Jerry Maguire',1996,'13 Dec 1996',139,'When a sports agent has a moral epiphany and is fired for expressing it, he decides to put his new philosophy to the test as an independent with the only athlete who stays with him.','http://ia.media-imdb.com/images/M/MV5BMTkxNjc2NjQwOF5BMl5BanBnXkFtZTcwMDE2NDU2MQ@@._V1_SX300.jpg','English, American Sign Language','Won 1 Oscar. Another 25 wins & 37 nominations.'),(47,46,'Good Morning, Vietnam',1987,'15 Jan 1988',121,'An unorthodox and irreverent DJ begins to shake up things when he is assigned to the US Armed Services Radio station in Vietnam.','http://ia.media-imdb.com/images/M/MV5BMTQwMDExNzk4MV5BMl5BanBnXkFtZTgwODc3NjIyMDE@._V1_SX300.jpg','English','Nominated for 1 Oscar. Another 7 wins & 3 nominations.'),(48,47,'Electra Glide in Blue',1973,'04 Oct 1973',114,'A short Arizona motorcycle cop gets his wish and is promoted to Homicide following the mysterious murder of a hermit. He is forced to confront his illusions about himself and those around ...','http://ia.media-imdb.com/images/M/MV5BMTM2MzYzNTA5NV5BMl5BanBnXkFtZTcwNzM5NjYzNA@@._V1_SX300.jpg','English','Nominated for 1 Golden Globe. Another 1 nomination.'),(49,48,'Topsy-Turvy',1999,'11 Feb 2000',154,'After Gilbert and Sullivan\'s latest play is critically panned, the frustrated team threatens to disband until it is inspired to write the masterpiece \"The Mikado.\"','http://ia.media-imdb.com/images/M/MV5BMTQ0NjM2OTk2Ml5BMl5BanBnXkFtZTcwOTE3NjI2NA@@._V1_SX300.jpg','English, French, German, Italian, Japanese','Won 2 Oscars. Another 11 wins & 27 nominations.'),(50,49,'I Am Cuba',1964,'01 Dec 1995',108,'Four vignettes about the lives of the Cuban people set during the pre-revolutionary era.','http://ia.media-imdb.com/images/M/MV5BMTQyNDQ2MzQ5Nl5BMl5BanBnXkFtZTgwNDU5MjcyMTE@._V1_SX300.jpg','Spanish, English','2 wins & 1 nomination.'),(51,50,'Midnight Cowboy',1969,'16 Jun 1969',113,'A naive hustler goes to New York to seek personal fortune but in the process finds himself a new friend.','http://ia.media-imdb.com/images/M/MV5BMTMzMjY1OTE5OV5BMl5BanBnXkFtZTcwMjUzNTk3NA@@._V1_SX300.jpg','English, Italian','Won 3 Oscars. Another 24 wins & 15 nominations.'),(52,2,'2001: A Space Odyssey',1968,'15 May 1968',149,'Humanity finds a mysterious, obviously artificial object buried beneath the Lunar surface and, with the intelligent computer H.A.L. 9000, sets off on a quest.','http://ia.media-imdb.com/images/M/MV5BNDYyMDgxNDQ5Nl5BMl5BanBnXkFtZTcwMjc1ODg3OA@@._V1_SX300.jpg','English, Russian','Won 1 Oscar. Another 13 wins & 7 nominations.'),(53,51,'Zulu',1964,'17 Jun 1964',138,'Outnumbered British soldiers do battle with Zulu warriors at Rorke\'s Drift.','http://ia.media-imdb.com/images/M/MV5BMTYwNjM4NjE3M15BMl5BanBnXkFtZTcwMjIzMzk3NA@@._V1_SX300.jpg','English, Zulu','N/A'),(54,52,'Iron Man',2008,'02 May 2008',126,'After being held captive in an Afghan cave, an engineer creates a unique weaponized suit of armor to fight evil.','http://ia.media-imdb.com/images/M/MV5BMTczNTI2ODUwOF5BMl5BanBnXkFtZTcwMTU0NTIzMw@@._V1_SX300.jpg','English, Persian, Urdu, Arabic, Hungarian','Nominated for 2 Oscars. Another 19 wins & 60 nominations.'),(55,53,'Monty Python and the Holy Grail',1975,'23 May 1975',91,'King Arthur and his knights embark on a low-budget search for the Grail, encountering many, very silly obstacles.','http://ia.media-imdb.com/images/M/MV5BMTkzODczMTgwM15BMl5BanBnXkFtZTYwNTAwODI5._V1_SX300.jpg','English, French, Latin','2 wins & 2 nominations.'),(56,54,'Grosse Pointe Blank',1997,'11 Apr 1997',107,'Martin Blank is a professional assassin. He is sent on a mission to a small Detroit suburb, Grosse Pointe, and, by coincidence, his ten-year high school reunion party is taking place there at the same time.','http://ia.media-imdb.com/images/M/MV5BMjA5MzMwMjE4OV5BMl5BanBnXkFtZTgwMTcwNTcxMTE@._V1_SX300.jpg','English','2 wins & 6 nominations.'),(57,55,'The French Connection',1971,'09 Oct 1971',104,'A pair of NYC cops in the Narcotics Bureau stumble onto a drug smuggling job with a French connection.','http://ia.media-imdb.com/images/M/MV5BMTY5Nzg5OTIzOF5BMl5BanBnXkFtZTcwMDI5NDA0MQ@@._V1_SX300.jpg','English, French','Won 5 Oscars. Another 17 wins & 10 nominations.'),(58,56,'Once Upon a Time in the West',1968,'21 Dec 1968',175,'Epic story of a mysterious stranger with a harmonica who joins forces with a notorious desperado to protect a beautiful widow from a ruthless assassin working for the railroad.','http://ia.media-imdb.com/images/M/MV5BMTEyODQzNDkzNjVeQTJeQWpwZ15BbWU4MDgyODk1NDEx._V1_SX300.jpg','English, Spanish, Italian','4 wins & 5 nominations.'),(59,11,'Roman Holiday',1953,'02 Sep 1953',118,'A bored and sheltered princess escapes her guardians and falls in love with an American newsman in Rome.','http://ia.media-imdb.com/images/M/MV5BMTg1ODgzODA1Nl5BMl5BanBnXkFtZTcwNTI0MzU3Mg@@._V1_SX300.jpg','English, Italian, German','Won 3 Oscars. Another 7 wins & 15 nominations.'),(60,57,'The Killer',1989,'01 Sep 1990',111,'A disillusioned assassin accepts one last hit in hopes of using his earnings to restore vision to a singer he accidentally blinded, only to be double-crossed by his boss.','http://ia.media-imdb.com/images/M/MV5BMTUxMzA5NjY1Ml5BMl5BanBnXkFtZTYwMDIxMzU5._V1_SX300.jpg','Cantonese, Mandarin, Japanese','2 wins & 5 nominations.'),(61,58,'Shampoo',1975,'13 Mar 1975',109,'Lovers undo a hairdresser from Beverly Hills around Election Eve in 1968.','http://ia.media-imdb.com/images/M/MV5BMTY1MzY0MTk3OF5BMl5BanBnXkFtZTcwNzU5MDEzMQ@@._V1_SX300.jpg','English','Won 1 Oscar. Another 2 wins & 10 nominations.'),(62,59,'Top Gun',1986,'16 May 1986',110,'As students at the United States Navy\'s elite fighter weapons school compete to be best in the class, one daring young pilot learns a few things from a civilian instructor that are not taught in the classroom.','http://ia.media-imdb.com/images/M/MV5BMTY3ODg4OTU3Nl5BMl5BanBnXkFtZTYwMjI1Nzg4._V1_SX300.jpg','English','Won 1 Oscar. Another 9 wins & 5 nominations.'),(63,60,'The Princess Bride',1987,'09 Oct 1987',98,'While home sick in bed, a young boy\'s grandfather reads him a story called The Princess Bride.','http://ia.media-imdb.com/images/M/MV5BMTkzMDgyNjQwM15BMl5BanBnXkFtZTgwNTg2Mjc1MDE@._V1_SX300.jpg','English','Nominated for 1 Oscar. Another 6 wins & 8 nominations.'),(64,61,'Performance',1970,'04 Sep 1970',105,'Chas, a violent and psychotic East London gangster needs a place to lie low after a hit that should never have been carried out. He finds the perfect cover in the form of guest house run by...','http://ia.media-imdb.com/images/M/MV5BMjI1MTA1MDIxMF5BMl5BanBnXkFtZTgwODg5MDkwMzE@._V1._CR15,44,319,455_SY132_CR2,0,89,132_AL_.jpg_V1_SX300.jpg','English','N/A'),(65,62,'Sideways',2004,'21 Jan 2005',126,'Two men reaching middle age with not much to show but disappointment embark on a week-long road trip through California\'s wine country, just as one is about to take a trip down the aisle.','http://ia.media-imdb.com/images/M/MV5BMTU0Mjg3MzkxOV5BMl5BanBnXkFtZTYwNDU1OTY3._V1_SX300.jpg','English, Armenian','Won 1 Oscar. Another 120 wins & 81 nominations.'),(66,63,'The Cat Concerto',1947,'26 Apr 1947',8,'Jerry is determined to disrupt Tom\'s concert while Tom fights him with the piano without missing a single note.','http://ia.media-imdb.com/images/M/MV5BMTQ1Mjc3MTg1OV5BMl5BanBnXkFtZTcwNDQyMDQ1MQ@@._V1_SX300.jpg','N/A','Won 1 Oscar. Another 1 nomination.'),(67,64,'Sweeney Todd: The Demon Barber of Fleet Street',2007,'21 Dec 2007',116,'The infamous story of Benjamin Barker, AKA Sweeney Todd, who sets up a barber shop down in London which is the basis for a sinister partnership with his fellow tenant, Mrs. Lovett. Based on the hit Broadway musical.','http://ia.media-imdb.com/images/M/MV5BMTg3NjUxMzM5NV5BMl5BanBnXkFtZTcwMzQ1NjQzMw@@._V1_SX300.jpg','English, Italian','Won 1 Oscar. Another 30 wins & 72 nominations.'),(68,65,'Moulin Rouge!',2001,'01 Jun 2001',127,'A poet falls for a beautiful courtesan whom a jealous duke covets in this stylish musical, with music drawn from familiar 20th century sources.','http://ia.media-imdb.com/images/M/MV5BMTk5Mjg0MzM3MV5BMl5BanBnXkFtZTcwMTEyMjcxMQ@@._V1_SX300.jpg','English, French, Spanish','Won 2 Oscars. Another 81 wins & 127 nominations.'),(69,66,'RoboCop',1987,'17 Jul 1987',102,'In a dystopic and crime-ridden Detroit, a terminally wounded cop returns to the force as a powerful cyborg haunted by submerged memories.','http://ia.media-imdb.com/images/M/MV5BMTk1MDUzMTQ3OV5BMl5BanBnXkFtZTcwMDAwNTk0NA@@._V1_SX300.jpg','English','Nominated for 2 Oscars. Another 11 wins & 10 nominations.'),(70,62,'Election',1999,'07 May 1999',103,'A high school teacher\'s personal life becomes complicated as he works with students during the school elections, particularly with an obsessive overachiever determined to become student body president.','http://ia.media-imdb.com/images/M/MV5BMzQxMDcyNzM4M15BMl5BanBnXkFtZTcwNzc1NjIyMQ@@._V1_SX300.jpg','English, Spanish','Nominated for 1 Oscar. Another 16 wins & 33 nominations.'),(71,2,'Full Metal Jacket',1987,'10 Jul 1987',116,'A pragmatic U.S. Marine observes the dehumanizing effects the Vietnam War has on his fellow recruits from their brutal boot camp training to the bloody street fighting in Hue.','http://ia.media-imdb.com/images/M/MV5BMjA4NzY4ODk4Nl5BMl5BanBnXkFtZTgwOTcxNTYxMTE@._V1_SX300.jpg','English, Vietnamese','Nominated for 1 Oscar. Another 7 wins & 9 nominations.'),(72,67,'Casablanca',1942,'23 Jan 1943',102,'In Casablanca, Morocco during the early days of World War II, an American expatriate meets a former lover, with unforeseen complications.','http://ia.media-imdb.com/images/M/MV5BMjQwNDYyNTk2N15BMl5BanBnXkFtZTgwMjQ0OTMyMjE@._V1_SX300.jpg','English, French, German, Italian','Won 3 Oscars. Another 4 wins & 8 nominations.'),(73,38,'Rear Window',1954,'01 Aug 1954',112,'A wheelchair-bound photographer spies on his neighbours from his apartment window and becomes convinced one of them has committed murder.','http://ia.media-imdb.com/images/M/MV5BMjAxNDM0NTcyOV5BMl5BanBnXkFtZTgwODE1NjM0MTE@._V1_SX300.jpg','English','Nominated for 4 Oscars. Another 6 wins & 8 nominations.'),(74,68,'Fargo',1996,'05 Apr 1996',98,'Jerry Lundegaard\'s inept crime falls apart due to his and his henchmen\'s bungling and the persistent police work of the quite pregnant Marge Gunderson.','http://ia.media-imdb.com/images/M/MV5BMTgxNzY3MzUxOV5BMl5BanBnXkFtZTcwMDA0NjMyNA@@._V1_SX300.jpg','English','Won 2 Oscars. Another 73 wins & 52 nominations.'),(75,69,'Eraserhead',1977,'31 Dec 1978',89,'Henry Spencer tries to survive his industrial environment, his angry girlfriend, and the unbearable screams of his newly born mutant child.','http://ia.media-imdb.com/images/M/MV5BMzk0OTM0MjU0NF5BMl5BanBnXkFtZTgwMjAyMjg2MjE@._V1_SX300.jpg','English','2 wins & 1 nomination.'),(76,70,'The Passenger',1975,'09 Apr 1975',119,'A frustrated war correspondent, unable to find the war he\'s been asked to cover, takes the risky path of co-opting the I.D. of a dead arms dealer acquaintance.','http://ia.media-imdb.com/images/M/MV5BMTQwNTAyODQyMl5BMl5BanBnXkFtZTcwODQ5NjA0MQ@@._V1._CR17,20,314,433_SY132_CR3,0,89,132_AL_.jpg_V1_SX300.jpg','English, Spanish, German, French','4 wins & 1 nomination.'),(77,71,'Big',1988,'03 Jun 1988',104,'When a boy wishes to be big at a magic wish machine, he wakes up the next morning and finds himself in an adult body.','http://ia.media-imdb.com/images/M/MV5BNDk0OTM1Mzk3M15BMl5BanBnXkFtZTgwNDg2NjIyMDE@._V1_SX300.jpg','English','Nominated for 2 Oscars. Another 11 wins & 12 nominations.'),(78,72,'Pulp Fiction',1994,'14 Oct 1994',154,'The lives of two mob hit men, a boxer, a gangster\'s wife, and a pair of diner bandits intertwine in four tales of violence and redemption.','http://ia.media-imdb.com/images/M/MV5BMTkxMTA5OTAzMl5BMl5BanBnXkFtZTgwNjA5MDc3NjE@._V1_SX300.jpg','English, Spanish, French','Won 1 Oscar. Another 54 wins & 60 nominations.'),(79,73,'The Addiction',1995,'06 Oct 1995',82,'A New York philosophy grad student turns into a vampire after getting bitten by one, and then tries to come to terms with her new lifestyle and frequent craving for human blood.','http://ia.media-imdb.com/images/M/MV5BMTM2MjA5MTk3OV5BMl5BanBnXkFtZTcwMDc2ODkxMQ@@._V1_SX300.jpg','English','5 wins & 4 nominations.'),(80,20,'Cabaret',1972,'13 Feb 1972',124,'A female girlie club entertainer in Weimar Republic era Berlin romances two men while the Nazi Party rises to power around them.','http://ia.media-imdb.com/images/M/MV5BMTc2ODY3NjcxNV5BMl5BanBnXkFtZTYwODg3Mjg4._V1_SX300.jpg','English, German, Hebrew, French','Won 8 Oscars. Another 27 wins & 15 nominations.'),(81,74,'The Royal Tenenbaums',2001,'04 Jan 2002',110,'An estranged family of former child prodigies reunites when their father announces he is terminally ill.','http://ia.media-imdb.com/images/M/MV5BMjA0MjcwNDgzNl5BMl5BanBnXkFtZTgwNzMwODQxMTE@._V1_SX300.jpg','English, Italian','Nominated for 1 Oscar. Another 10 wins & 45 nominations.'),(82,75,'Los Olvidados',1950,'24 Mar 1952',80,'A group of juvenile delinquents live a violent and crime-filled life in the festering slums of Mexico City, and the morals of young Pedro are gradually corrupted and destroyed by the others...','http://ia.media-imdb.com/images/M/MV5BODM4OTk1MjI5NV5BMl5BanBnXkFtZTgwNTg0NTQzMjE@._V1_SX300.jpg','Spanish','Nominated for 1 BAFTA Film Award. Another 12 wins & 4 nominations.'),(83,76,'Brighton Rock',1947,'12 Dec 1947',92,'Pinkie Brown is a small-town hoodlum whose gang runs a protection racket based at Brighton race course. When Pinkie orders the murder of a rival, Fred, the police believe it to be suicide. ...','http://ia.media-imdb.com/images/M/MV5BMjEzMjcyMzcyMF5BMl5BanBnXkFtZTcwNjc2NzY3MQ@@._V1._CR6,1,335,464_SY132_CR3,0,89,132_AL_.jpg_V1_SX300.jpg','English','N/A'),(84,77,'The Prestige',2006,'20 Oct 2006',130,'Two stage magicians engage in competitive one-upmanship in an attempt to create the ultimate stage illusion.','http://ia.media-imdb.com/images/M/MV5BMjA4NDI0MTIxNF5BMl5BanBnXkFtZTYwNTM0MzY2._V1_SX300.jpg','English','Nominated for 2 Oscars. Another 5 wins & 32 nominations.'),(85,72,'Jackie Brown',1997,'25 Dec 1997',154,'A middle-aged woman finds herself in the middle of a huge conflict that will either make her a profit or cost her life.','http://ia.media-imdb.com/images/M/MV5BMzMxMzYzMDUyNV5BMl5BanBnXkFtZTgwMjI2Mzk5MDE@._V1_SX300.jpg','English','Nominated for 1 Oscar. Another 7 wins & 21 nominations.'),(86,64,'Batman',1989,'23 Jun 1989',126,'The Dark Knight of Gotham City begins his war on crime with his first major enemy being the clownishly homicidal Joker.','http://ia.media-imdb.com/images/M/MV5BMTYwNjAyODIyMF5BMl5BanBnXkFtZTYwNDMwMDk2._V1_SX300.jpg','English, French','Won 1 Oscar. Another 9 wins & 22 nominations.'),(87,78,'Forrest Gump',1994,'06 Jul 1994',142,'Forrest Gump, while not intelligent, has accidentally been present at many historic moments, but his true love, Jenny Curran, eludes him.','http://ia.media-imdb.com/images/M/MV5BMTI1Nzk1MzQwMV5BMl5BanBnXkFtZTYwODkxOTA5._V1_SX300.jpg','English','Won 6 Oscars. Another 37 wins & 51 nominations.'),(88,79,'The Great Escape',1963,'04 Jul 1963',172,'Allied P.O.W.s plan for several hundred of their number to escape from a German camp during World War II.','http://ia.media-imdb.com/images/M/MV5BMjI2MTQwNDI3Nl5BMl5BanBnXkFtZTcwNDk4MTkzNA@@._V1_SX300.jpg','English, German, French, Russian','Nominated for 1 Oscar. Another 2 wins & 7 nominations.'),(89,2,'Dr. Strangelove or: How I Learned to Stop Worrying and Love the Bomb',1964,'29 Jan 1964',95,'An insane general triggers a path to nuclear holocaust that a war room full of politicians and generals frantically try to stop.','http://ia.media-imdb.com/images/M/MV5BMTU2ODM2NTkxNF5BMl5BanBnXkFtZTcwOTMwMzU3Mg@@._V1_SX300.jpg','English, Russian','Nominated for 4 Oscars. Another 13 wins & 6 nominations.'),(90,5,'Get Serious: Seven Deadly Sins',1995,'01 Jul 1995',30,'N/A','N/A','English','N/A'),(91,80,'The English Patient',1996,'06 Dec 1996',162,'At the close of WWII, a young nurse tends to a badly-burned plane crash victim. His past is shown in flashbacks, revealing an involvement in a fateful love affair.','http://ia.media-imdb.com/images/M/MV5BNDg2OTcxNDE0OF5BMl5BanBnXkFtZTgwOTg2MDM0MDE@._V1_SX300.jpg','English, German, Italian, Arabic','Won 9 Oscars. Another 49 wins & 66 nominations.'),(92,81,'Ratatouille',2007,'29 Jun 2007',111,'A rat who can cook makes an unusual alliance with a young kitchen worker at a famous restaurant.','http://ia.media-imdb.com/images/M/MV5BMTMzODU0NTkxMF5BMl5BanBnXkFtZTcwMjQ4MzMzMw@@._V1_SX300.jpg','English, French','Won 1 Oscar. Another 64 wins & 42 nominations.'),(93,82,'Get Carter',1971,'18 Mar 1971',112,'When his brother dies under mysterious circumstances in a car accident, London gangster Jack Carter travels to Newcastle to investigate.','http://ia.media-imdb.com/images/M/MV5BMTk2MDA2NzY2MV5BMl5BanBnXkFtZTcwNjMwNTAzMQ@@._V1_SX300.jpg','English','N/A'),(94,83,'The Maltese Falcon',1941,'18 Oct 1941',100,'A private detective takes on a case that involves him with three eccentric criminals, a gorgeous liar, and their quest for a priceless statuette.','http://ia.media-imdb.com/images/M/MV5BMTc4MDEzOTMwMl5BMl5BanBnXkFtZTgwMTc2NjgyMjE@._V1_SX300.jpg','English','Nominated for 3 Oscars. Another 2 wins.'),(95,5,'The Dark Knight, a G4 Special',2007,'17 Jul 2007',0,'N/A','N/A','English','N/A'),(96,59,'True Romance',1993,'10 Sep 1993',120,'Clarence marries hooker Alabama, steals cocaine from her pimp, and tries to sell it in Hollywood, while the owners of the coke try to reclaim it.','http://ia.media-imdb.com/images/M/MV5BMTMxMTM3MDIwM15BMl5BanBnXkFtZTcwMDYyOTUyMg@@._V1_SX300.jpg','English, Italian','8 nominations.'),(97,11,'The Big Country',1958,'01 Oct 1958',165,'A New Englander arrives in the Old West, where he becomes embroiled in a feud between two families over a valuable patch of land.','http://ia.media-imdb.com/images/M/MV5BMTM2NTIyOTAxM15BMl5BanBnXkFtZTcwODg5ODM1Mw@@._V1_SX300.jpg','English, Spanish','Won 1 Oscar. Another 2 wins & 5 nominations.'),(98,84,'Betty Blue',1986,'07 Nov 1986',120,'Zorg is a handyman working at in France, maintaining and looking after the bungalows. He lives a quiet and peaceful life, working diligently and writing in his spare time. One day Betty ...','http://ia.media-imdb.com/images/M/MV5BMTc1MTc0ODcxM15BMl5BanBnXkFtZTcwNDIzMzMzMQ@@._V1_SX300.jpg','French','Nominated for 1 Oscar. Another 5 wins & 10 nominations.'),(99,85,'Songs from the Second Floor',2000,'06 Oct 2000',98,'Where are we humans going? A film poem inspired by the Peruvian poet César Vallejo. We meet people in the city. People trying to communicate, searching compassion and get the connection of small and large things.','http://ia.media-imdb.com/images/M/MV5BMTU2MTg5NTM5Ml5BMl5BanBnXkFtZTcwMTIwNTEzMQ@@._V1_SX300.jpg','Swedish, Russian','9 wins & 3 nominations.'),(100,86,'Goldfinger',1964,'09 Jan 1965',110,'Investigating a gold magnate\'s smuggling, James Bond uncovers a plot to contaminate the Fort Knox gold reserve.','http://ia.media-imdb.com/images/M/MV5BMTQ2MzE0OTU3NV5BMl5BanBnXkFtZTcwNjQxNTgzNA@@._V1_SX300.jpg','English, Chinese, Spanish','Won 1 Oscar. Another 3 wins & 6 nominations.'),(101,2,'Spartacus',1960,'07 Oct 1960',197,'The slave Spartacus leads a violent revolt against the decadent Roman Republic.','http://ia.media-imdb.com/images/M/MV5BMTAzNDcwODQ1MjJeQTJeQWpwZ15BbWU4MDY3NTAzMTAx._V1_SX300.jpg','English','Won 4 Oscars. Another 6 wins & 11 nominations.'),(102,87,'Das Boot',1981,'10 Feb 1982',149,'The claustrophobic world of a WWII German U-boat; boredom, filth, and sheer terror.','http://ia.media-imdb.com/images/M/MV5BMjE5Mzk5OTQ0Nl5BMl5BanBnXkFtZTYwNzUwMTQ5._V1_SX300.jpg','German, English, French','Nominated for 6 Oscars. Another 13 wins & 5 nominations.'),(103,88,'Au Hasard Balthazar',1966,'25 May 1966',95,'The story of a mistreated donkey and the people around him. A study on saintliness and a sister piece to Bresson\'s Mouchette.','http://ia.media-imdb.com/images/M/MV5BMjEzODk0NzI0NV5BMl5BanBnXkFtZTgwMjMyNzk4MjE@._V1_SX300.jpg','French, Latin','5 wins & 1 nomination.'),(104,89,'X-Men 2',2003,'02 May 2003',134,'The X-Men band together to find a mutant assassin who has made an attempt on the President\'s life, while the Mutant Academy is attacked by military forces.','http://ia.media-imdb.com/images/M/MV5BNDk0NjYxMzIzOF5BMl5BanBnXkFtZTYwMTc1MjU3._V1_SX300.jpg','English, German, Italian, Spanish','5 wins & 35 nominations.'),(105,90,'The Army of Shadows',1969,'12 Sep 1969',145,'An account of underground resistance fighters in Nazi-occupied France.','http://ia.media-imdb.com/images/M/MV5BMTk5MTUyNTA2Nl5BMl5BanBnXkFtZTgwNTQzMDg1NjE@._V1_SX300.jpg','French, German, English','3 wins & 1 nomination.'),(106,91,'Mother and Son',1997,'06 Feb 1998',73,'A slow and poignant story of love and patience told via a dying mother nursed by her devoted son. The simple narrative is a thread woven among the deeply spiritual images of the countryside...','http://ia.media-imdb.com/images/M/MV5BMTQwNTk4Nzk1MV5BMl5BanBnXkFtZTcwOTc0MDAyMQ@@._V1_SX300.jpg','Russian','4 wins & 4 nominations.'),(107,50,'Sunday Bloody Sunday',1971,'08 Sep 1971',110,'Divorced working woman Alex and well-to-do Jewish family doctor Daniel Hirsh share not only the same answering service but also the favours of young Bob Elkin who bed-hops between them as ...','http://ia.media-imdb.com/images/M/MV5BMTg4MzAyNzg0M15BMl5BanBnXkFtZTcwMDIyMTM3NA@@._V1_SX300.jpg','English, Italian, Hebrew, French','Nominated for 4 Oscars. Another 12 wins & 7 nominations.'),(108,83,'The Treasure of the Sierra Madre',1948,'24 Jan 1948',126,'Fred Dobbs and Bob Curtin, two Americans searching for work in Mexico, convince an old prospector to help them mine for gold in the Sierra Madre Mountains.','http://ia.media-imdb.com/images/M/MV5BMTQ4MzUzOTYwOV5BMl5BanBnXkFtZTgwNDA4MzgyMjE@._V1_SX300.jpg','English, Spanish','Won 3 Oscars. Another 12 wins & 5 nominations.'),(109,89,'Superman Returns',2006,'28 Jun 2006',154,'Superman reappears after a long absence, but is challenged by an old foe who uses Kryptonian technology for world domination.','http://ia.media-imdb.com/images/M/MV5BMTU3NzA5MjI0Nl5BMl5BanBnXkFtZTcwMTEwNzMzMQ@@._V1_SX300.jpg','English, German, French','Nominated for 1 Oscar. Another 12 wins & 38 nominations.'),(110,92,'Flesh',1968,'27 May 1970',89,'A man desperate for money and no income, turns prostitute and interplays with a variety of clients and hustlers.','http://ia.media-imdb.com/images/M/MV5BMTI2MTAxMjYzMF5BMl5BanBnXkFtZTcwOTc1MzMzMQ@@._V1_SX300.jpg','English','1 win.'),(111,93,'Do the Right Thing',1989,'21 Jul 1989',120,'On the hottest day of the year on a street in the Bedford-Stuyvesant section of Brooklyn, everyone\'s hate and bigotry smolders and builds until it explodes into violence.','http://ia.media-imdb.com/images/M/MV5BODA2MjU1NTI1MV5BMl5BanBnXkFtZTgwOTU4ODIwMjE@._V1_SX300.jpg','English, Italian, Spanish','Nominated for 2 Oscars. Another 15 wins & 11 nominations.'),(112,94,'Jurassic Park',1993,'11 Jun 1993',127,'During a preview tour, a theme park suffers a major power breakdown that allows its cloned dinosaur exhibits to run amok.','http://ia.media-imdb.com/images/M/MV5BMjM2MDgxMDg0Nl5BMl5BanBnXkFtZTgwNTM2OTM5NDE@._V1_SX300.jpg','English, Spanish','Won 3 Oscars. Another 26 wins & 17 nominations.'),(113,35,'Love and Death',1975,'10 Sep 1975',85,'In czarist Russia, a neurotic soldier and his distant cousin formulate a plot to assassinate Napoleon.','http://ia.media-imdb.com/images/M/MV5BMTYxMDk1NTA5NF5BMl5BanBnXkFtZTcwNDkzNzA2NA@@._V1_SX300.jpg','English','1 win & 1 nomination.'),(114,95,'Finding Nemo',2003,'30 May 2003',100,'After his son is captured in the Great Barrier Reef and taken to Sydney, a timid clownfish sets out on a journey to bring him home.','http://ia.media-imdb.com/images/M/MV5BMTY1MTg1NDAxOV5BMl5BanBnXkFtZTcwMjg1MDI5Nw@@._V1_SX300.jpg','English','Won 1 Oscar. Another 45 wins & 58 nominations.'),(115,96,'Braveheart',1995,'24 May 1995',178,'When his secret bride is executed for assaulting an English soldier who tried to rape her, William Wallace begins a revolt against King Edward I of England.','http://ia.media-imdb.com/images/M/MV5BNjA4ODYxMDU3Nl5BMl5BanBnXkFtZTcwMzkzMTk3OA@@._V1_SX300.jpg','English, French, Latin, Scottish Gaelic','Won 5 Oscars. Another 26 wins & 28 nominations.'),(116,97,'All About Eve',1950,'15 Jan 1951',138,'An ingenue insinuates herself in to the company of an established but aging stage actress and her circle of theater friends.','http://ia.media-imdb.com/images/M/MV5BMTY2MTAzODI5NV5BMl5BanBnXkFtZTgwMjM4NzQ0MjE@._V1_SX300.jpg','English, French','Won 6 Oscars. Another 16 wins & 17 nominations.'),(117,98,'McCabe & Mrs. Miller',1971,'24 Jun 1971',120,'A gambler and a prostitute become business partners in a remote Old West mining town, and their enterprise thrives until a large corporation arrives on the scene.','http://ia.media-imdb.com/images/M/MV5BMTcwMzMzMzUwMl5BMl5BanBnXkFtZTcwMjI1ODAwMQ@@._V1_SX300.jpg','English, Cantonese','Nominated for 1 Oscar. Another 1 win & 3 nominations.'),(118,99,'Spirited Away',2001,'28 Mar 2003',125,'During her family\'s move to the suburbs, a sullen 10-year-old girl wanders into a world ruled by gods, witches, and spirits, and where humans are changed into beasts.','http://ia.media-imdb.com/images/M/MV5BMjYxMDcyMzIzNl5BMl5BanBnXkFtZTYwNDg2MDU3._V1_SX300.jpg','Japanese','Won 1 Oscar. Another 53 wins & 24 nominations.'),(119,100,'The Year of Living Dangerously',1982,'18 Feb 1983',115,'A young Australian reporter tries to navigate the political turmoil of Indonesia during the rule of President Sukarno with the help of a diminutive photographer.','http://ia.media-imdb.com/images/M/MV5BMTM0NzUxMzU5MV5BMl5BanBnXkFtZTcwNjU4NzcyMQ@@._V1_SX300.jpg','English, Tagalog, Filipino, Indonesian','Won 1 Oscar. Another 7 wins & 16 nominations.'),(120,101,'The Blues Brothers',1980,'20 Jun 1980',133,'Jake Blues, just out from prison, puts together his old band to save the Catholic home where he and brother Elwood were raised.','http://ia.media-imdb.com/images/M/MV5BMTM1Mjk3OTQ0M15BMl5BanBnXkFtZTYwMDA4MTY5._V1_SX300.jpg','English','1 win.'),(121,35,'Annie Hall',1977,'20 Apr 1977',93,'Neurotic New York comedian Alvy Singer falls in love with the ditsy Annie Hall.','http://ia.media-imdb.com/images/M/MV5BMTU1NDM2MjkwM15BMl5BanBnXkFtZTcwODU3OTYwNA@@._V1_SX300.jpg','English, German','Won 4 Oscars. Another 26 wins & 8 nominations.'),(122,75,'Viridiana',1961,'19 Mar 1962',90,'Viridiana, a young nun about to take her final vows, pays a visit to her widowed uncle at the request of her Mother Superior.','http://ia.media-imdb.com/images/M/MV5BMTQ4ODg4NjE0Nl5BMl5BanBnXkFtZTgwNDQ3NDQ0MjE@._V1_SX300.jpg','Spanish','2 wins.'),(123,102,'Dazed and Confused',1993,'10 Feb 1994',102,'The adventures of high school and junior high students on the last day of school in May 1976.','http://ia.media-imdb.com/images/M/MV5BMTM5MDY5MDQyOV5BMl5BanBnXkFtZTgwMzM3NzMxMDE@._V1_SX300.jpg','English','2 nominations.'),(124,103,'The Wages of Fear',1953,'16 Feb 1955',131,'In a decrepit South American village, men are hired to transport an urgent nitroglycerine shipment without the equipment that would make it safe.','http://ia.media-imdb.com/images/M/MV5BMTQ5MzkyNDgyMF5BMl5BanBnXkFtZTgwODg2MTMzMjE@._V1_SX300.jpg','French, English, Spanish, German, Italian, Russian','Won 1 BAFTA Film Award. Another 5 wins.'),(125,90,'Le Doulos',1962,'02 Mar 1964',108,'Burglar Maurice Faugel has just finished his sentence. He murders Gilbert Vanovre, a receiver, and steals the loot of a break-in. He is also preparing a house-breaking, and his friend ...','http://ia.media-imdb.com/images/M/MV5BMTI4MDE5NjAzNV5BMl5BanBnXkFtZTcwNDAzNjQ5MQ@@._V1_SX300.jpg','French','N/A'),(126,104,'Pirates of the Caribbean: The Curse of the Black Pearl',2003,'09 Jul 2003',143,'Blacksmith Will Turner teams up with eccentric pirate \"Captain\" Jack Sparrow to save his love, the governor\'s daughter, from Jack\'s former pirate allies, who are now undead.','http://ia.media-imdb.com/images/M/MV5BMjAyNDM4MTc2N15BMl5BanBnXkFtZTYwNDk0Mjc3._V1_SX300.jpg','English','Nominated for 5 Oscars. Another 31 wins & 86 nominations.'),(127,105,'Grease',1978,'16 Jun 1978',110,'Good girl Sandy and greaser Danny fell in love over the summer. But when they unexpectedly discover they\'re now in the same high school, will they be able to rekindle their romance?','http://ia.media-imdb.com/images/M/MV5BMTcyMTA5MTY3MF5BMl5BanBnXkFtZTgwMTMwNzAxMDE@._V1_SX300.jpg','English','Nominated for 1 Oscar. Another 3 wins & 7 nominations.'),(128,106,'The Virgin Suicides',1999,'19 May 2000',97,'A group of male friends become obsessed with five mysterious sisters who are sheltered by their strict, religious parents.','http://ia.media-imdb.com/images/M/MV5BNjA1NjExMzkwN15BMl5BanBnXkFtZTcwMjEzMjk3OA@@._V1_SX300.jpg','English','3 wins & 11 nominations.'),(129,12,'Star Wars: Episode I - The Phantom Menace',1999,'19 May 1999',136,'Two Jedi Knights escape a hostile blockade to find allies and come across a young boy who may bring balance to the Force, but the long dormant Sith resurface to reclaim their old glory.','http://ia.media-imdb.com/images/M/MV5BMTQ4NjEwNDA2Nl5BMl5BanBnXkFtZTcwNDUyNDQzNw@@._V1_SX300.jpg','English','Nominated for 3 Oscars. Another 17 wins & 61 nominations.'),(130,32,'Apocalypse Now',1979,'15 Aug 1979',153,'During the Vietnam War, Captain Willard is sent on a dangerous mission into Cambodia to assassinate a renegade colonel who has set himself up as a god among a local tribe.','http://ia.media-imdb.com/images/M/MV5BMTcyMzQ5NDM4OV5BMl5BanBnXkFtZTcwODUwNDg3OA@@._V1_SX300.jpg','English, French, Vietnamese','Won 2 Oscars. Another 18 wins & 32 nominations.'),(131,107,'Z',1969,'08 Dec 1969',127,'Following the murder of a prominent leftist, an investigator tries to uncover the truth while government officials attempt to cover up their roles.','http://ia.media-imdb.com/images/M/MV5BMTM3NjI0OTI2Ml5BMl5BanBnXkFtZTcwMjk1MDA4Mg@@._V1_SX300.jpg','French, Russian, English','Won 2 Oscars. Another 9 wins & 12 nominations.'),(132,40,'My Darling Clementine',1946,'03 Dec 1946',97,'A Western retelling the tale of the Shoot-out at the OK Corral.','http://ia.media-imdb.com/images/M/MV5BNjY3NDI2OTE0NF5BMl5BanBnXkFtZTYwMDk3OTI5._V1_SX300.jpg','English, Spanish','3 wins.'),(133,89,'The Usual Suspects',1995,'15 Sep 1995',106,'A sole survivor tells of the twisty events leading up to a horrific gun battle on a boat, which begin when five criminals meet at a seemingly random police lineup.','http://ia.media-imdb.com/images/M/MV5BMzI1MjI5MDQyOV5BMl5BanBnXkFtZTcwNzE4Mjg3NA@@._V1_SX300.jpg','English, Hungarian, Spanish, French','Won 2 Oscars. Another 32 wins & 16 nominations.'),(134,108,'The Sixth Sense',1999,'06 Aug 1999',107,'A boy who communicates with spirits that don\'t know they\'re dead seeks the help of a disheartened child psychologist.','http://ia.media-imdb.com/images/M/MV5BMWM4NTFhYjctNzUyNi00NGMwLTk3NTYtMDIyNTZmMzRlYmQyXkEyXkFqcGdeQXVyMTAwMzUyOTc@._V1_SX300.jpg','English, Latin, Spanish','Nominated for 6 Oscars. Another 32 wins & 48 nominations.'),(135,38,'North by Northwest',1959,'26 Sep 1959',136,'A hapless New York advertising executive is mistaken for a government agent by a group of foreign spies, and is pursued across the country while he looks for a way to survive.','http://ia.media-imdb.com/images/M/MV5BMjQwMTQ0MzgwNl5BMl5BanBnXkFtZTgwNjc4ODE4MzE@._V1_SX300.jpg','English','Nominated for 3 Oscars. Another 8 wins & 4 nominations.'),(136,17,'Casino',1995,'22 Nov 1995',178,'Greed, deception, money, power, and murder occur between two mobster best friends and a trophy wife over a gambling empire.','http://ia.media-imdb.com/images/M/MV5BMTMzMjkwMTk4Nl5BMl5BanBnXkFtZTYwNjYxMjk5._V1_SX300.jpg','English','Nominated for 1 Oscar. Another 3 wins & 9 nominations.'),(137,29,'Shaun of the Dead',2004,'24 Sep 2004',99,'A man decides to turn his moribund life around by winning back his ex-girlfriend, reconciling his relationship with his mother, and dealing with an entire community that has returned from the dead to eat the living.','http://ia.media-imdb.com/images/M/MV5BMTU2NjA0NDk0NV5BMl5BanBnXkFtZTcwOTA0OTQzMw@@._V1_SX300.jpg','English','13 wins & 20 nominations.'),(138,65,'Romeo + Juliet',1996,'01 Nov 1996',120,'Shakespeare\'s famous play is updated to the hip modern suburb of Verona still retaining its original dialogue.','http://ia.media-imdb.com/images/M/MV5BMTI2ODc3NDI4OV5BMl5BanBnXkFtZTYwMTY1MjQ5._V1._CR1,1,341,448_SY132_CR5,0,89,132_AL_.jpg_V1_SX300.jpg','English','Nominated for 1 Oscar. Another 14 wins & 26 nominations.'),(139,109,'Brief Encounter',1945,'24 Aug 1946',86,'Meeting a stranger in a railway station, a woman is tempted to cheat on her husband.','http://ia.media-imdb.com/images/M/MV5BMjI1Nzg0NDYyMV5BMl5BanBnXkFtZTcwNTY3NzE3OQ@@._V1_SX300.jpg','English','Nominated for 3 Oscars. Another 3 wins.'),(140,79,'The Magnificent Seven',1960,'23 Oct 1960',128,'An oppressed Mexican peasant village assembles seven gunfighters to help defend their homes.','http://ia.media-imdb.com/images/M/MV5BMzYyNzU0MTM1OF5BMl5BanBnXkFtZTcwMzE1ODE1NA@@._V1_SX300.jpg','English, Spanish','Nominated for 1 Oscar. Another 1 win & 5 nominations.'),(141,110,'Requiem for a Dream',2000,'15 Dec 2000',102,'The drug-induced utopias of four Coney Island people are shattered when their addictions become stronger.','http://ia.media-imdb.com/images/M/MV5BMTkzODMzODYwOF5BMl5BanBnXkFtZTcwODM2NjA2NQ@@._V1_SX300.jpg','English','Nominated for 1 Oscar. Another 32 wins & 61 nominations.'),(142,111,'La Haine',1995,'23 Feb 1996',98,'24 hours in the lives of three young men in the French suburbs the day after a violent riot.','http://ia.media-imdb.com/images/M/MV5BMTY3OTAyOTMyM15BMl5BanBnXkFtZTcwNTMxMTI0MQ@@._V1_SX300.jpg','French','8 wins & 13 nominations.'),(143,112,'Fear and Loathing in Las Vegas',1998,'22 May 1998',118,'An oddball journalist and his psychopathic lawyer travel to Las Vegas for a series of psychedelic escapades.','http://ia.media-imdb.com/images/M/MV5BMTk4NjQwNTc0OV5BMl5BanBnXkFtZTYwOTQzNTA3._V1_SX300.jpg','English','1 win & 4 nominations.'),(144,55,'The Exorcist',1973,'26 Dec 1973',122,'When a teenage girl is possessed by a mysterious entity, her mother seeks the help of two priests to save her daughter.','http://ia.media-imdb.com/images/M/MV5BMTgxMjIyNTc5Nl5BMl5BanBnXkFtZTgwMjgwNDgwNzE@._V1_SX300.jpg','English, Latin, Greek, French, German, Arabic','Won 2 Oscars. Another 14 wins & 15 nominations.'),(145,113,'Suspiria',1977,'12 Aug 1977',92,'A newcomer to a fancy ballet academy gradually comes to realize that the school is a front for something far more sinister and supernatural amidst a series of grisly murders.','http://ia.media-imdb.com/images/M/MV5BMjI5NTA4NzI1OF5BMl5BanBnXkFtZTgwNzczMDY5MDE@._V1_SX300.jpg','Italian, Russian, English, German, Latin','2 nominations.'),(146,114,'The Graduate',1967,'22 Dec 1967',106,'A disillusioned college graduate finds himself torn between his older lover and her daughter.','http://ia.media-imdb.com/images/M/MV5BMTQ0ODc4MDk4Nl5BMl5BanBnXkFtZTcwMTEzNzgzNA@@._V1_SX300.jpg','English','Won 1 Oscar. Another 20 wins & 16 nominations.'),(147,115,'Cinema Paradiso',1988,'23 Feb 1990',155,'A filmmaker recalls his childhood, when he fell in love with the movies at his village\'s theater and formed a deep friendship with the theater\'s projectionist.','http://ia.media-imdb.com/images/M/MV5BMjIzMTgzOTEwOF5BMl5BanBnXkFtZTgwNTUxNjcxMTE@._V1_SX300.jpg','Italian','Won 1 Oscar. Another 21 wins & 23 nominations.'),(148,35,'Manhattan',1979,'25 Apr 1979',96,'The life of a divorced television writer dating a teenage girl is further complicated when he falls in love with his best friend\'s mistress.','http://ia.media-imdb.com/images/M/MV5BMjI4MDIyNjcxMl5BMl5BanBnXkFtZTcwNjA4OTYwNA@@._V1_SX300.jpg','English','Nominated for 2 Oscars. Another 15 wins & 21 nominations.'),(149,116,'Star Wars: Episode VI - Return of the Jedi',1983,'25 May 1983',131,'After rescuing Han Solo from the palace of Jabba the Hutt, the rebels attempt to destroy the second Death Star, while Luke struggles to make Vader return from the dark side of the Force.','http://ia.media-imdb.com/images/M/MV5BMTQ0MzI1NjYwOF5BMl5BanBnXkFtZTgwODU3NDU2MTE@._V1._CR93,97,1209,1861_SX89_AL_.jpg_V1_SX300.jpg','English','Nominated for 4 Oscars. Another 16 wins & 16 nominations.'),(150,117,'Boogie Nights',1997,'31 Oct 1997',155,'The story of a young man\'s adventures in the Californian pornography industry of the late 1970s and early 1980s.','http://ia.media-imdb.com/images/M/MV5BMjMzNzkwNjEyOF5BMl5BanBnXkFtZTgwOTY3Njc3NjE@._V1_SX300.jpg','English','Nominated for 3 Oscars. Another 29 wins & 47 nominations.'),(151,118,'The Wicker Man',1973,'01 Jun 1975',88,'A police sergeant is sent to a Scottish island village in search of a missing girl whom the townsfolk claim never existed. Stranger still are the rites that take place there.','http://ia.media-imdb.com/images/M/MV5BMjE0Mzk1NzQ2OF5BMl5BanBnXkFtZTgwMTkzNTE0NjE@._V1_SX300.jpg','English','1 win & 6 nominations.'),(152,119,'A Man for All Seasons',1966,'03 May 1967',120,'The story of Thomas More, who stood up to King Henry VIII when the King rejected the Roman Catholic Church to obtain a divorce and remarriage.','http://ia.media-imdb.com/images/M/MV5BMTQ3MTM3NTI0OF5BMl5BanBnXkFtZTcwNTI1MjQ4OQ@@._V1_SX300.jpg','English, Latin, Spanish, French','Won 6 Oscars. Another 27 wins & 8 nominations.'),(153,31,'Yojimbo',1961,'13 Sep 1961',110,'A crafty ronin comes to a town divided by two criminal gangs and decides to play them against each other to free the town.','http://ia.media-imdb.com/images/M/MV5BMjAwNTQ3ODUyMl5BMl5BanBnXkFtZTgwNDg5ODQyNjE@._V1_SX300.jpg','Japanese','Nominated for 1 Oscar. Another 4 wins & 1 nomination.'),(154,120,'Army of Darkness',1992,'19 Feb 1993',81,'A man is accidentally transported to 1300 A.D., where he must battle an army of the dead and retrieve the Necronomicon so he can return home.','http://ia.media-imdb.com/images/M/MV5BMTU5MDUxMjc3NF5BMl5BanBnXkFtZTgwNjg4NjY1MDE@._V1_SX300.jpg','English','7 wins & 4 nominations.'),(155,6,'The Bourne Ultimatum',2007,'03 Aug 2007',115,'Jason Bourne dodges a ruthless CIA official and his agents from a new assassination program while searching for the origins of his life as a trained killer.','http://ia.media-imdb.com/images/M/MV5BMTgzNjMwOTM3N15BMl5BanBnXkFtZTcwMzA5MDY0MQ@@._V1_SX300.jpg','English, French, Arabic, Russian, Spanish','Won 3 Oscars. Another 25 wins & 38 nominations.'),(156,32,'The Godfather: Part III',1990,'25 Dec 1990',162,'In the midst of trying to legitimize his business dealings in New York and Italy in 1979, aging Mafia don Michael Corleone seeks to avow for his sins while taking a young protégé under his wing.','http://ia.media-imdb.com/images/M/MV5BMTczMDcxNDA4MV5BMl5BanBnXkFtZTgwNjY1NTk4NjE@._V1_SX300.jpg','English, Italian, German, Latin','Nominated for 7 Oscars. Another 5 wins & 13 nominations.'),(157,121,'Toy Story',1995,'22 Nov 1995',81,'A cowboy doll is profoundly threatened and jealous when a new spaceman figure supplants him as top toy in a boy\'s room.','http://ia.media-imdb.com/images/M/MV5BMTgwMjI4MzU5N15BMl5BanBnXkFtZTcwMTMyNTk3OA@@._V1_SX300.jpg','English','Nominated for 3 Oscars. Another 23 wins & 18 nominations.'),(158,45,'Almost Famous',2000,'22 Sep 2000',122,'A high-school boy is given the chance to write a story for Rolling Stone Magazine about an up-and-coming rock band as he accompanies it on their concert tour.','http://ia.media-imdb.com/images/M/MV5BMTI0MDc0MzIyM15BMl5BanBnXkFtZTYwMzc4NzA5._V1_SX300.jpg','English, French','Won 1 Oscar. Another 51 wins & 102 nominations.'),(159,69,'Mulholland Drive',2001,'19 Oct 2001',147,'After a car wreck on the winding Mulholland Drive renders a woman amnesiac, she and a perky Hollywood-hopeful search for clues and answers across Los Angeles in a twisting venture beyond dreams and reality.','http://ia.media-imdb.com/images/M/MV5BMjM1Njg2ODA4OF5BMl5BanBnXkFtZTgwMDM3Mjc1MDE@._V1_SX300.jpg','English, Spanish','Nominated for 1 Oscar. Another 46 wins & 54 nominations.'),(160,9,'Terminator 2: Judgment Day',1991,'03 Jul 1991',137,'A cyborg, identical to the one who failed to kill Sarah Connor, must now protect her young son, John Connor, from a more advanced cyborg, made out of liquid metal.','http://ia.media-imdb.com/images/M/MV5BMTI4MDAwMDY3N15BMl5BanBnXkFtZTcwODIwMzMzMQ@@._V1._CR46,1,342,473_SY132_CR3,0,89,132_AL_.jpg_V1_SX300.jpg','English, Spanish','Won 4 Oscars. Another 20 wins & 22 nominations.'),(161,122,'Carrie',1976,'03 Nov 1976',98,'Carrie White, a shy and outcast 17 year-old girl who is sheltered by her domineering, religious mother, unleashes her telekinetic powers after being humiliated by her classmates at her senior prom.','http://ia.media-imdb.com/images/M/MV5BMTg1NjEwOTUxN15BMl5BanBnXkFtZTcwOTI0MTU0NA@@._V1_SX300.jpg','English','Nominated for 2 Oscars. Another 3 wins & 5 nominations.'),(162,123,'Bad Taste',1987,'01 Jun 1989',91,'The population of a small town disappears and is replaced by aliens that chase human flesh for their intergalactic fast-food chain.','http://ia.media-imdb.com/images/M/MV5BMTQzNTAzODM5OV5BMl5BanBnXkFtZTcwODU0Mzk0NQ@@._V1_SX300.jpg','English','1 win & 1 nomination.'),(163,124,'Eternal Sunshine of the Spotless Mind',2004,'19 Mar 2004',108,'When their relationship turns sour, a couple undergoes a procedure to have each other erased from their memories. But it is only through the process of loss that they discover what they had to begin with.','http://ia.media-imdb.com/images/M/MV5BMTY4NzcwODg3Nl5BMl5BanBnXkFtZTcwNTEwOTMyMw@@._V1_SX300.jpg','English','Won 1 Oscar. Another 66 wins & 103 nominations.'),(164,125,'Touch of Evil',1958,'01 May 1958',95,'A stark, perverse story of murder, kidnapping, and police corruption in a Mexican border town.','http://ia.media-imdb.com/images/M/MV5BMTY3NjIwMDY4M15BMl5BanBnXkFtZTgwODMwODgyMTE@._V1_SX300.jpg','English, Spanish','6 wins & 1 nomination.'),(165,126,'Juno',2007,'25 Dec 2007',96,'Faced with an unplanned pregnancy, an offbeat young woman makes an unusual decision regarding her unborn child.','http://ia.media-imdb.com/images/M/MV5BMTgxMjgyMTcyNF5BMl5BanBnXkFtZTcwMDg1MTU1MQ@@._V1_SX300.jpg','English','Won 1 Oscar. Another 88 wins & 94 nominations.'),(166,127,'A Nightmare on Elm Street',1984,'16 Nov 1984',91,'Several people are hunted by a cruel serial killer who kills his victims in their dreams. When the survivors are trying to find the reason for being chosen, the murderer won\'t lose any chance to kill them as soon as they fall asleep.','http://ia.media-imdb.com/images/M/MV5BMTk0NDI3NTEwMV5BMl5BanBnXkFtZTgwNjgwNDgwNzE@._V1_SX300.jpg','English','2 wins & 3 nominations.'),(167,128,'Dances with Wolves',1990,'21 Nov 1990',181,'Lt. John Dunbar, exiled to a remote western Civil War outpost, befriends wolves and Indians, making him an intolerable aberration in the military.','http://ia.media-imdb.com/images/M/MV5BMTY3OTI5NDczN15BMl5BanBnXkFtZTcwNDA0NDY3Mw@@._V1_SX300.jpg','English, Sioux, Pawnee','Won 7 Oscars. Another 41 wins & 32 nominations.'),(168,31,'Ikiru',1952,'25 Mar 1956',143,'A bureaucrat tries to find a meaning in his life after he discovers he has terminal cancer.','http://ia.media-imdb.com/images/M/MV5BMTcyMDU0MTQzNV5BMl5BanBnXkFtZTcwOTk2NDQyMQ@@._V1._CR12,28,314,446_SY132_CR2,0,89,132_AL_.jpg_V1_SX300.jpg','Japanese','Nominated for 1 BAFTA Film Award. Another 5 wins.'),(169,129,'Amores Perros',2000,'13 Apr 2001',154,'A horrific car accident connects three stories, each involving characters dealing with loss, regret, and life\'s harsh realities, all in the name of love.','http://ia.media-imdb.com/images/M/MV5BMjIyNTA5MzQ5N15BMl5BanBnXkFtZTcwNjIyNTgxMQ@@._V1_SX300.jpg','Spanish','Nominated for 1 Oscar. Another 54 wins & 22 nominations.'),(170,69,'Blue Velvet',1986,'23 Oct 1986',120,'The discovery of a severed human ear found in a field leads a young man on an investigation related to a beautiful, mysterious nightclub singer and a group of psychopathic criminals who have kidnapped her child.','http://ia.media-imdb.com/images/M/MV5BMjM2OTk3Nzc2MV5BMl5BanBnXkFtZTgwMTUxNDMyODE@._V1_SX300.jpg','English','Nominated for 1 Oscar. Another 18 wins & 16 nominations.'),(171,112,'Brazil',1985,'18 Dec 1985',132,'A bureaucrat in a retro-future world tries to correct an administrative error and himself becomes an enemy of the state.','http://ia.media-imdb.com/images/M/MV5BMTIwMDQ1NzQyOF5BMl5BanBnXkFtZTcwMTE4MDQzMQ@@._V1._CR3,43,349,456_SY132_CR6,0,89,132_AL_.jpg_V1_SX300.jpg','English','Nominated for 2 Oscars. Another 8 wins & 3 nominations.'),(172,130,'Atonement',2007,'11 Jan 2008',123,'Fledgling writer Briony Tallis, as a thirteen-year-old, irrevocably changes the course of several lives when she accuses her older sister\'s lover of a crime he did not commit.','http://ia.media-imdb.com/images/M/MV5BMTM0ODc2Mzg1Nl5BMl5BanBnXkFtZTcwMTg4MDU1MQ@@._V1_SX300.jpg','English, French','Won 1 Oscar. Another 48 wins & 144 nominations.'),(173,106,'Lost in Translation',2003,'03 Oct 2003',101,'A faded movie star and a neglected young woman form an unlikely bond after crossing paths in Tokyo.','http://ia.media-imdb.com/images/M/MV5BMTI2NDI5ODk4N15BMl5BanBnXkFtZTYwMTI3NTE3._V1_SX300.jpg','English, Japanese, German, French','Won 1 Oscar. Another 93 wins & 114 nominations.'),(174,131,'300',2006,'09 Mar 2007',117,'King Leonidas of Sparta and a force of 300 men fight the Persians at Thermopylae in 480 B.C.','http://ia.media-imdb.com/images/M/MV5BMjAzNTkzNjcxNl5BMl5BanBnXkFtZTYwNDA4NjE3._V1_SX300.jpg','English','16 wins & 42 nominations.'),(175,132,'Crash',2004,'06 May 2005',112,'Los Angeles citizens with vastly separate lives collide in interweaving stories of race, loss and redemption.','http://ia.media-imdb.com/images/M/MV5BOTk1OTA1MjIyNV5BMl5BanBnXkFtZTcwODQxMTkyMQ@@._V1_SX300.jpg','English, Persian, Spanish, Mandarin, Korean','Won 3 Oscars. Another 61 wins & 105 nominations.'),(176,94,'Close Encounters of the Third Kind',1977,'25 Dec 1977',137,'After an encounter with U.F.O.s, a line worker feels undeniably drawn to an isolated area in the wilderness where something spectacular is about to happen.','http://ia.media-imdb.com/images/M/MV5BMjM1NjE5NjQxN15BMl5BanBnXkFtZTgwMjYzMzQxMDE@._V1_SX300.jpg','English, French, Spanish, Hindi','Won 1 Oscar. Another 13 wins & 37 nominations.'),(177,133,'The Crow',1994,'13 May 1994',102,'A man brutally murdered comes back to life as an undead avenger of his and his fiancée\'s murder.','http://ia.media-imdb.com/images/M/MV5BMTUxMzA1ODI3NF5BMl5BanBnXkFtZTgwNTg3NjQxMTE@._V1_SX300.jpg','English','3 wins & 6 nominations.'),(178,101,'An American Werewolf in London',1981,'21 Aug 1981',97,'Two American college students on a walking tour of Britain are attacked by a werewolf that none of the locals will admit exists.','http://ia.media-imdb.com/images/M/MV5BNTYzMDk3MzIyNV5BMl5BanBnXkFtZTgwOTM2OTE4MzE@._V1_SX300.jpg','English','Won 1 Oscar. Another 2 wins & 3 nominations.'),(179,134,'The Deer Hunter',1978,'23 Feb 1979',183,'An in-depth examination of the ways in which the U.S. Vietnam war impacts and disrupts the lives of people in a small industrial town in Pennsylvania.','http://ia.media-imdb.com/images/M/MV5BMTk3MTQzMDUwMF5BMl5BanBnXkFtZTgwMTUxNzYxMTE@._V1_SX300.jpg','English, Russian, Vietnamese, French','Won 5 Oscars. Another 17 wins & 26 nominations.'),(180,135,'Cool Hand Luke',1967,'01 Nov 1967',126,'A man refuses to conform to life in a rural prison.','http://ia.media-imdb.com/images/M/MV5BODMyMDA0MTY2OF5BMl5BanBnXkFtZTcwMzkzNjk3OA@@._V1_SX300.jpg','English','Won 1 Oscar. Another 2 wins & 9 nominations.'),(181,136,'Halloween',1978,'25 Oct 1978',91,'On Halloween night of 1963, 6-year old Michael Myers stabbed his sister to death. After sitting in a mental hospital for 15 years, Myers escapes and returns to Haddonfield to kill.','http://ia.media-imdb.com/images/M/MV5BNDMwOTk5MDgyMF5BMl5BanBnXkFtZTgwMDgwNDgwNzE@._V1_SX300.jpg','English','4 wins & 2 nominations.'),(182,123,'The Lord of the Rings: The Fellowship of the Ring',2001,'19 Dec 2001',178,'A meek Hobbit and eight companions set out on a journey to destroy the One Ring and the Dark Lord Sauron.','http://ia.media-imdb.com/images/M/MV5BNTEyMjAwMDU1OV5BMl5BanBnXkFtZTcwNDQyNTkxMw@@._V1_SX300.jpg','English, Sindarin','Won 4 Oscars. Another 108 wins & 121 nominations.'),(183,35,'Crimes and Misdemeanors',1989,'03 Nov 1989',104,'An ophthalmologist\'s mistress threatens to reveal their affair to his wife, while a married documentary filmmaker is infatuated by another woman.','http://ia.media-imdb.com/images/M/MV5BMTgxMDE3NDMwOV5BMl5BanBnXkFtZTcwMDQwODQ2NA@@._V1_SX300.jpg','English, Hebrew','Nominated for 3 Oscars. Another 13 wins & 19 nominations.'),(184,137,'Clerks',1994,'04 Nov 1994',92,'A day in the lives of two convenience clerks named Dante and Randal as they annoy customers, discuss movies, and play hockey on the store roof.','http://ia.media-imdb.com/images/M/MV5BMTg3MTkyMzA0NF5BMl5BanBnXkFtZTgwNTg0NDI1MDE@._V1_SX300.jpg','English','4 wins & 8 nominations.'),(185,138,'Beauty and the Beast',1991,'22 Nov 1991',84,'Belle, whose father is imprisoned by the Beast, offers herself instead, unaware her captor to be an enchanted prince.','http://ia.media-imdb.com/images/M/MV5BMTkyMDgwODY0OV5BMl5BanBnXkFtZTgwODI5NTQ5MTE@._V1_SX300.jpg','English, French','Won 2 Oscars. Another 25 wins & 21 nominations.'),(186,139,'On the Waterfront',1954,'22 Jun 1954',108,'An ex-prize fighter turned longshoreman struggles to stand up to his corrupt union bosses.','http://ia.media-imdb.com/images/M/MV5BMTcwMTU3MjI1OV5BMl5BanBnXkFtZTgwNjE2OTI3MjE@._V1_SX300.jpg','English','Won 8 Oscars. Another 21 wins & 9 nominations.'),(187,140,'Bicycle Thieves',1948,'13 Dec 1949',89,'Set in Post-WWII Italy, a working class man\'s bicycle is stolen. He and his son set out to find it.','http://ia.media-imdb.com/images/M/MV5BMjIzMzAyMzg1Nl5BMl5BanBnXkFtZTgwMzMyNzk0MTE@._V1_SX300.jpg','Italian','Nominated for 1 Oscar. Another 18 wins.'),(188,141,'Children of Men',2006,'05 Jan 2007',109,'In 2027, in a chaotic world in which women have become somehow infertile, a former activist agrees to help transport a miraculously pregnant woman to a sanctuary at sea.','http://ia.media-imdb.com/images/M/MV5BMTc2MDU1ODQ0MV5BMl5BanBnXkFtZTcwMjk2NDA2OQ@@._V1_SX300.jpg','English, German, Italian, Romanian, Spanish, Arabic, Georgian, Russian','Nominated for 3 Oscars. Another 40 wins & 70 nominations.'),(189,83,'The Misfits',1961,'01 Feb 1961',124,'A sexy divorcée falls for an over-the-hill cowboy who is struggling to maintain his romantically independent lifestyle in early-sixties Nevada.','http://ia.media-imdb.com/images/M/MV5BMjAwNTA2OTY0OF5BMl5BanBnXkFtZTcwODU2NjEyMQ@@._V1_SX300.jpg','English','1 win & 1 nomination.'),(190,142,'The Matrix',1999,'31 Mar 1999',136,'A computer hacker learns from mysterious rebels about the true nature of his reality and his role in the war against its controllers.','http://ia.media-imdb.com/images/M/MV5BMTkxNDYxOTA4M15BMl5BanBnXkFtZTgwNTk0NzQxMTE@._V1_SX300.jpg','English','Won 4 Oscars. Another 33 wins & 44 nominations.'),(191,98,'The Long Goodbye',1973,'07 Mar 1973',112,'Detective Philip Marlowe tries to help a friend who is accused of murdering his wife.','http://ia.media-imdb.com/images/M/MV5BODAxMDM4NjkwN15BMl5BanBnXkFtZTcwOTczNzA2NA@@._V1_SX300.jpg','English','1 win.'),(192,143,'Rio Bravo',1959,'04 Apr 1959',141,'A small-town sheriff in the American West enlists the help of a cripple, a drunk, and a young gunfighter in his efforts to hold in jail the brother of the local bad guy.','http://ia.media-imdb.com/images/M/MV5BMTI2OTA4NTcyOF5BMl5BanBnXkFtZTYwMTIxMjA5._V1_SX300.jpg','English, Spanish','Won 1 Golden Globe. Another 1 win & 4 nominations.'),(193,144,'Battleship Potemkin',1925,'24 Dec 1925',66,'A dramatized account of a great Russian naval mutiny and a resulting street demonstration which brought on a police massacre.','http://ia.media-imdb.com/images/M/MV5BMTEyMTQzMjQ0MTJeQTJeQWpwZ15BbWU4MDcyMjg4OTEx._V1_SX300.jpg','Russian','1 win.'),(194,145,'Harvey',1950,'13 Oct 1950',104,'Due to his insistence that he has an invisible six foot-tall rabbit for a best friend, a whimsical middle-aged man is thought by his family to be insane - but he may be wiser than anyone knows.','http://ia.media-imdb.com/images/M/MV5BNDAxNzI5NDI0N15BMl5BanBnXkFtZTcwNTc2Njk3OA@@._V1_SX300.jpg','English, Spanish, Latin','Won 1 Oscar. Another 1 win & 4 nominations.'),(195,146,'The Thin Red Line',1998,'15 Jan 1999',170,'Terrence Malick\'s adaptation of James Jones\' autobiographical 1962 novel, focusing on the conflict at Guadalcanal during the second World War.','http://ia.media-imdb.com/images/M/MV5BMTk0MjIyNTA1M15BMl5BanBnXkFtZTYwOTM3MzU5._V1_SX300.jpg','English, Tok Pisin, Japanese, Greek','Nominated for 7 Oscars. Another 20 wins & 41 nominations.'),(196,147,'A History of Violence',2005,'30 Sep 2005',96,'A mild-mannered man becomes a local hero through an act of violence, which sets off repercussions that will shake his family to its very core.','http://ia.media-imdb.com/images/M/MV5BMTczMzIzMTQ1OV5BMl5BanBnXkFtZTYwMDQwNjk2._V1_SX300.jpg','English','Nominated for 2 Oscars. Another 35 wins & 72 nominations.'),(197,148,'The Assassination of Jesse James by the Coward Robert Ford',2007,'19 Oct 2007',160,'Robert Ford, who\'s idolized Jesse James since childhood, tries hard to join the reforming gang of the Missouri outlaw, but gradually becomes resentful of the bandit leader.','http://ia.media-imdb.com/images/M/MV5BMTY2NDI2MTc2NV5BMl5BanBnXkFtZTcwNjA2NTQzMw@@._V1_SX300.jpg','English, Danish','Nominated for 2 Oscars. Another 25 wins & 64 nominations.'),(198,17,'The Last Waltz',1978,'26 Apr 1978',117,'A film account and presentation of the final concert of The Band.','http://ia.media-imdb.com/images/M/MV5BMjAwOTUxNTkxOV5BMl5BanBnXkFtZTcwNTEwNzMyMQ@@._V1_SX300.jpg','English, Middle English','2 wins & 3 nominations.'),(199,149,'The Breakfast Club',1985,'15 Feb 1985',97,'Five high school students, all different stereotypes, meet in detention, where they pour their hearts out to each other, and discover how they have a lot more in common than they thought.','http://ia.media-imdb.com/images/M/MV5BMzYyNTQ1Nzk2M15BMl5BanBnXkFtZTcwODk0NTQyMQ@@._V1_SX300.jpg','English','1 win.'),(200,150,'Dirty Dancing',1987,'21 Aug 1987',100,'Spending the summer at a Catskills resort with her family, Frances \"Baby\" Houseman falls in love with the camp\'s dance instructor, Johnny Castle.','http://ia.media-imdb.com/images/M/MV5BMTc3MDY3ODQ2OV5BMl5BanBnXkFtZTgwOTQ2NTYxMTE@._V1_SX300.jpg','English','Won 1 Oscar. Another 12 wins & 6 nominations.'),(201,151,'M',1931,'31 Aug 1931',99,'When the police in a German city are unable to catch a child-murderer, other criminals join in the manhunt.','http://ia.media-imdb.com/images/M/MV5BMTQyNjA5NzU5MV5BMl5BanBnXkFtZTgwMDk1MTA5MTE@._V1_SX300.jpg','German','2 wins.'),(202,99,'Princess Mononoke',1997,'12 Jul 1997',134,'On a journey to find the cure for a Tatarigami\'s curse, Ashitaka finds himself in the middle of a war between the forest gods and Tatara, a mining colony. In this quest he also meets San, the Mononoke Hime.','http://ia.media-imdb.com/images/M/MV5BMjgzNTUwODQzN15BMl5BanBnXkFtZTcwMTc4ODE3OQ@@._V1_SX300.jpg','Japanese','13 wins & 5 nominations.'),(203,152,'The Spirit of the Beehive',1973,'05 Jan 1977',95,'A sensitive seven-year-old girl living in 1940 in a small Spanish village is traumatized after viewing the movie \"Frankenstein\" and drifts into her own fantasy world.','http://ia.media-imdb.com/images/M/MV5BMTIzNjYwMTUzMl5BMl5BanBnXkFtZTcwNTE4MDQzMQ@@._V1_SX300.jpg','Spanish','7 wins & 1 nomination.'),(204,153,'Speed',1994,'10 Jun 1994',116,'A young cop must prevent a bomb exploding aboard a city bus by keeping its speed above 50 mph.','http://ia.media-imdb.com/images/M/MV5BNzczNDQyMTc2MF5BMl5BanBnXkFtZTgwNjI2NzQxMTE@._V1_SX300.jpg','English','Won 2 Oscars. Another 14 wins & 16 nominations.'),(205,154,'Jailhouse Rock',1957,'08 Nov 1957',96,'After serving time for manslaughter, young Vince Everett becomes a teenage rock star.','http://ia.media-imdb.com/images/M/MV5BMTgxOTAwNDQzM15BMl5BanBnXkFtZTcwNjUxMzU3Mg@@._V1_SX300.jpg','English','2 wins.'),(206,155,'Funny Face',1957,'13 Feb 1957',103,'An impromptu fashion shoot at a book store brings about a new fashion model discovery in the shop clerk.','http://ia.media-imdb.com/images/M/MV5BMTMyODEyMzc0Nl5BMl5BanBnXkFtZTcwNjQ4MzA1MQ@@._V1_SX300.jpg','English, French','Nominated for 4 Oscars. Another 2 wins & 6 nominations.'),(207,156,'Brick',2005,'14 Apr 2006',110,'A teenage loner pushes his way into the underworld of a high school crime ring to investigate the disappearance of his ex-girlfriend.','http://ia.media-imdb.com/images/M/MV5BMTk4MjQzMzA2N15BMl5BanBnXkFtZTcwMTU2MzIzMQ@@._V1_SX300.jpg','English','11 wins & 23 nominations.'),(208,157,'Enduring Love',2004,'26 Nov 2004',100,'Two strangers become dangerously close after witnessing a deadly accident.','http://ia.media-imdb.com/images/M/MV5BMTIxNzU5MzE1N15BMl5BanBnXkFtZTYwMDE1MjY3._V1_SX300.jpg','English','4 wins & 12 nominations.'),(209,158,'Amadeus',1984,'05 Apr 1985',160,'The incredible story of Wolfgang Amadeus Mozart, told by his peer and secret rival Antonio Salieri - now confined to an insane asylum.','http://ia.media-imdb.com/images/M/MV5BMTg5NDkwMTk5N15BMl5BanBnXkFtZTYwODg3MDk2._V1_SX300.jpg','English, Italian, Latin, German','Won 8 Oscars. Another 33 wins & 14 nominations.'),(210,78,'Back to the Future Part II',1989,'22 Nov 1989',108,'After visiting 2015, Marty McFly must repeat his visit to 1955 to prevent disastrous changes to 1985... without interfering with his first trip.','http://ia.media-imdb.com/images/M/MV5BNjE5ODg4NzY1MF5BMl5BanBnXkFtZTcwMjI3MzYwMg@@._V1_SX300.jpg','English','Nominated for 1 Oscar. Another 9 wins & 6 nominations.'),(211,94,'Indiana Jones and the Temple of Doom',1984,'23 May 1984',118,'A skirmish in Shanghai puts archaeologist Indiana Jones, his partner Short Round and singer Willie Scott crossing paths with an Indian village desperate to reclaim a rock stolen by a secret cult beneath the catacombs of an ancient palace.','http://ia.media-imdb.com/images/M/MV5BMTMyNzI4OTA5OV5BMl5BanBnXkFtZTcwMDQ2MjAxNA@@._V1_SX300.jpg','English, Sinhalese','Won 1 Oscar. Another 6 wins & 20 nominations.'),(212,143,'His Girl Friday',1940,'18 Jan 1940',92,'A newspaper editor uses every trick in the book to keep his ace reporter ex-wife from remarrying.','http://ia.media-imdb.com/images/M/MV5BMTI3ODM3MDkzNl5BMl5BanBnXkFtZTcwMzgwNDUyMQ@@._V1_SX300.jpg','English, French','1 win.'),(213,159,'As Good as It Gets',1997,'25 Dec 1997',139,'A single mother/waitress, a misanthropic author, and a gay artist form an unlikely friendship after the artist is in an accident.','http://ia.media-imdb.com/images/M/MV5BMTc0Nzc5MDEzN15BMl5BanBnXkFtZTcwMjc2NTEyMQ@@._V1_SX300.jpg','English','Won 2 Oscars. Another 35 wins & 48 nominations.'),(214,160,'Distant Voices, Still Lives',1988,'17 Feb 1989',85,'The second film in Terence Davies\'s autobiographical series (\'Trilogy\', \'The Long Day Closes\') is an impressionistic view of a working-class family in 1940s and 1950s Liverpool, based on ...','http://ia.media-imdb.com/images/M/MV5BMTQwNDY1NjI4NV5BMl5BanBnXkFtZTcwMjEyODA4MQ@@._V1_SX300.jpg','English','10 wins & 7 nominations.'),(215,161,'A Woman Under the Influence',1974,'18 Nov 1974',155,'Mabel, a wife and mother, is loved by her husband Nick but her madness proves to be a problem in the marriage. The film transpires to a positive role of madness in the family, challenging conventional representations of madness in cinema.','http://ia.media-imdb.com/images/M/MV5BMTg2NzU5MTU4MV5BMl5BanBnXkFtZTcwOTMyNzkxMQ@@._V1_SX300.jpg','English, Italian','Nominated for 2 Oscars. Another 9 wins & 5 nominations.'),(216,162,'On the Town',1949,'30 Dec 1949',98,'Three sailors on a day of shore leave in New York City look for fun and romance before their twenty-four hours are up.','http://ia.media-imdb.com/images/M/MV5BMTM1MDc4MTA2OF5BMl5BanBnXkFtZTYwOTQ3ODY5._V1._CR2,2,323,447_SY132_CR3,0,89,132_AL_.jpg_V1_SX300.jpg','English','Won 1 Oscar. Another 1 win & 2 nominations.'),(217,163,'Brokeback Mountain',2005,'13 Jan 2006',134,'The story of a forbidden and secretive relationship between two cowboys, and their lives over the years.','http://ia.media-imdb.com/images/M/MV5BMTY5NTAzNTc1NF5BMl5BanBnXkFtZTYwNDY4MDc3._V1_SX300.jpg','English','Won 3 Oscars. Another 125 wins & 117 nominations.'),(218,164,'Lords of Dogtown',2005,'03 Jun 2005',107,'The film follows the surf and skateboarding trends that originated in Venice, California during the 1970\'s.','http://ia.media-imdb.com/images/M/MV5BMTYyNzQ1NTEwM15BMl5BanBnXkFtZTcwNjIzNjgyMQ@@._V1_SX300.jpg','English, Spanish','1 win & 7 nominations.'),(219,165,'Monsters, Inc.',2001,'02 Nov 2001',92,'In order to power the city, monsters have to scare children so that they scream. However, the children are toxic to the monsters, and after a child gets through, two monsters realize things may not be what they think.','http://ia.media-imdb.com/images/M/MV5BMTY1NTI0ODUyOF5BMl5BanBnXkFtZTgwNTEyNjQ0MDE@._V1_SX300.jpg','English','Won 1 Oscar. Another 13 wins & 38 nominations.'),(220,32,'The Godfather',1972,'24 Mar 1972',175,'The aging patriarch of an organized crime dynasty transfers control of his clandestine empire to his reluctant son.','http://ia.media-imdb.com/images/M/MV5BMjEyMjcyNDI4MF5BMl5BanBnXkFtZTcwMDA5Mzg3OA@@._V1_SX300.jpg','English, Italian, Latin','Won 3 Oscars. Another 23 wins & 27 nominations.'),(221,17,'Goodfellas',1990,'21 Sep 1990',146,'Henry Hill and his friends work their way up through the mob hierarchy.','http://ia.media-imdb.com/images/M/MV5BMTY2OTE5MzQ3MV5BMl5BanBnXkFtZTgwMTY2NTYxMTE@._V1_SX300.jpg','English, Italian','Won 1 Oscar. Another 37 wins & 32 nominations.'),(222,166,'Layer Cake',2004,'03 Jun 2005',105,'A successful cocaine dealer gets two tough assignments from his boss on the eve of his planned early retirement.','http://ia.media-imdb.com/images/M/MV5BMTI5MTE1OTAzOV5BMl5BanBnXkFtZTcwNDc2OTgyMQ@@._V1_SX300.jpg','English, Romanian','2 wins & 9 nominations.'),(223,122,'Scarface',1983,'09 Dec 1983',170,'In 1980 Miami, a determined Cuban immigrant takes over a drug cartel while succumbing to greed.','http://ia.media-imdb.com/images/M/MV5BMjAzOTM4MzEwNl5BMl5BanBnXkFtZTgwMzU1OTc1MDE@._V1_SX300.jpg','English, Spanish','Nominated for 3 Golden Globes. Another 4 nominations.'),(224,90,'Le Cercle Rouge',1970,'20 Oct 1970',140,'After leaving prison, master thief Corey crosses paths with a notorious escapee and an alcoholic former policeman. The trio proceed to plot an elaborate heist.','http://ia.media-imdb.com/images/M/MV5BMTU1NzY5Mzg2MF5BMl5BanBnXkFtZTcwMDU3NDAwMQ@@._V1_SX300.jpg','French','N/A'),(225,83,'The Man Who Would Be King',1975,'17 Dec 1975',129,'Two British soldiers in India decide to resign from the Army and set themselves up as deities in Kafiristan--a land where no white man has set foot since Alexander.','http://ia.media-imdb.com/images/M/MV5BNDQ1NjQ0Mjk4N15BMl5BanBnXkFtZTgwODUwNzU2MjE@._V1_SX300.jpg','English','Nominated for 4 Oscars. Another 4 nominations.'),(226,167,'The 400 Blows',1959,'16 Nov 1959',99,'Moving story of a young boy who, left without attention, delves into a life of petty crime.','http://ia.media-imdb.com/images/M/MV5BMTQzNTMzOTA2Ml5BMl5BanBnXkFtZTgwNDQ2OTI3MjE@._V1_SX300.jpg','French, English','Nominated for 1 Oscar. Another 7 wins & 3 nominations.'),(227,168,'Safe',1995,'30 Jun 1995',119,'An affluent and unexceptional homemaker in the suburbs develops multiple chemical sensitivity.','http://ia.media-imdb.com/images/M/MV5BNTYwOTk2NzQ5NF5BMl5BanBnXkFtZTcwOTQxMzYyMQ@@._V1_SX300.jpg','English','4 wins & 12 nominations.'),(228,127,'Scream',1996,'20 Dec 1996',111,'Attempting to cope with her mother\'s murder, Sidney and her horror movie-obsessed friends are stalked by a murderer who seems to have a hard time letting the past go.','http://ia.media-imdb.com/images/M/MV5BMjA2NjU5MTg5OF5BMl5BanBnXkFtZTgwOTkyMzQxMDE@._V1_SX300.jpg','English','7 wins & 8 nominations.'),(229,169,'JFK',1991,'20 Dec 1991',189,'A New Orleans DA discovers there\'s more to the Kennedy assassination than the official story.','http://ia.media-imdb.com/images/M/MV5BMTY4ODI3Njg5N15BMl5BanBnXkFtZTgwODgyMDUxMDE@._V1_SX300.jpg','English, Spanish','Won 2 Oscars. Another 16 wins & 25 nominations.'),(230,170,'The Last Seduction',1994,'26 Oct 1994',110,'A devious sexpot steals her husband\'s drug money and hides out in a small town where she meets the perfect dupe for her next scheme.','http://ia.media-imdb.com/images/M/MV5BOTQwNDI3NzAzNV5BMl5BanBnXkFtZTcwNjAwODMyMQ@@._V1_SX300.jpg','English','Nominated for 1 BAFTA Film Award. Another 9 wins & 8 nominations.'),(231,171,'Out of Sight',1998,'26 Jun 1998',123,'A career bank robber breaks out of jail and shares a moment of mutual attraction with a US Marshall he has kidnapped.','http://ia.media-imdb.com/images/M/MV5BMjA0MjMwNTE4Nl5BMl5BanBnXkFtZTgwNjExNzQxMTE@._V1_SX300.jpg','English','Nominated for 2 Oscars. Another 13 wins & 12 nominations.'),(232,146,'Days of Heaven',1978,'13 Sep 1978',94,'A hot-tempered farm laborer convinces the woman he loves to marry their rich but dying boss so that they can have a claim to his fortune.','http://ia.media-imdb.com/images/M/MV5BMTkwNTEzNTgwN15BMl5BanBnXkFtZTcwODM2MTI1MQ@@._V1_SX300.jpg','English, Italian','Won 1 Oscar. Another 11 wins & 11 nominations.'),(233,172,'It Happened One Night',1934,'23 Feb 1934',105,'A spoiled heiress, running away from her family, is helped by a man who is actually a reporter in need of a story.','http://ia.media-imdb.com/images/M/MV5BMTczOTQ1MTQ4MF5BMl5BanBnXkFtZTcwODI2MDk4OQ@@._V1_SX300.jpg','English','Won 5 Oscars. Another 5 wins & 1 nomination.'),(234,173,'The Return',2003,'25 Jun 2003',105,'In the Russian wilderness, two brothers face a range of new, conflicting emotions when their father - a man they know only through a single photograph - resurfaces.','http://ia.media-imdb.com/images/M/MV5BMTIwNTg1MjI0Ml5BMl5BanBnXkFtZTcwOTAxMjcyMQ@@._V1_SX300.jpg','Russian','Nominated for 1 Golden Globe. Another 28 wins & 13 nominations.'),(235,174,'Arthur',1981,'17 Jul 1981',97,'Arthur is a happy drunk with no pretensions at any ambition. He is also the heir to a vast fortune which he is told will only be his if he marries Susan. He does not love Susan, but she ...','http://ia.media-imdb.com/images/M/MV5BMTI0OTI2Mjg2OF5BMl5BanBnXkFtZTYwNzk0NDI5._V1_SX300.jpg','English','Won 2 Oscars. Another 9 wins & 6 nominations.'),(236,50,'Darling',1965,'03 Aug 1965',128,'A beautiful but amoral model sleeps her way to the top of the London fashion scene at the height of the Swinging Sixties.','http://ia.media-imdb.com/images/M/MV5BMTM5ODkwNDEyOV5BMl5BanBnXkFtZTcwNjQwMzQyMQ@@._V1_SX300.jpg','English','Won 3 Oscars. Another 15 wins & 8 nominations.'),(237,175,'Spring in a Small Town',1948,'10 Nov 1993',98,'A lonely housewife finds her monotonous life altered when her childhood sweetheart returns to town.','http://ia.media-imdb.com/images/M/MV5BMTgyNjMyOTMyMV5BMl5BanBnXkFtZTcwODIwODM0MQ@@._V1_SX300.jpg','Mandarin','N/A'),(238,176,'Serenity',2005,'30 Sep 2005',119,'The crew of the ship Serenity tries to evade an assassin sent to recapture one of their number who is telepathic.','http://ia.media-imdb.com/images/M/MV5BMTI0NTY1MzY4NV5BMl5BanBnXkFtZTcwNTczODAzMQ@@._V1_SX300.jpg','English, Mandarin','9 wins & 8 nominations.'),(239,113,'The Bird with the Crystal Plumage',1970,'12 Jun 1970',96,'A writer is stalked by a serial killer after witnessing a murder attempt on one woman\'s life.','http://ia.media-imdb.com/images/M/MV5BODc1NzEzMzA1N15BMl5BanBnXkFtZTcwNzQ2OTEzMQ@@._V1_SX300.jpg','Italian','2 wins & 1 nomination.'),(240,169,'Natural Born Killers',1994,'26 Aug 1994',118,'Two victims of traumatized childhoods become lovers and psychopathic serial murderers irresponsibly glorified by the mass media.','http://ia.media-imdb.com/images/M/MV5BMTI2NTU2Nzc0MV5BMl5BanBnXkFtZTcwMzY1OTM2MQ@@._V1_SX300.jpg','English, Navajo, Japanese','Nominated for 1 Golden Globe. Another 3 wins & 7 nominations.'),(241,5,'Heimat: A Chronicle of Germany',1984,'31 Mar 1985',90,'The series (11 episodes) tells the story of the village Schabbach, on the Hunsrueck in Germany through the years 1919-1982. Central person is Maria, who we see growing from a 17 year old ...','http://ia.media-imdb.com/images/M/MV5BODgyMDA3MTEyNl5BMl5BanBnXkFtZTcwNDc3MTIyMQ@@._V1_SX300.jpg','German, English, French','5 wins.'),(242,177,'Some Like It Hot',1959,'29 Mar 1959',120,'When two musicians witness a mob hit, they flee the state in an all-female band disguised as women, but further complications set in.','http://ia.media-imdb.com/images/M/MV5BNzYzMDkzNDQ0N15BMl5BanBnXkFtZTcwNzQ0NDQyNA@@._V1_SX300.jpg','English','Won 1 Oscar. Another 9 wins & 13 nominations.'),(243,178,'Into the Wild',2007,'19 Oct 2007',148,'After graduating from Emory University, top student and athlete Christopher McCandless abandons his possessions, gives his entire $24,000 savings account to charity and hitchhikes to Alaska to live in the wilderness. Along the way, Christopher encounters a series of characters that shape his life.','http://ia.media-imdb.com/images/M/MV5BMTAwNDEyODU1MjheQTJeQWpwZ15BbWU2MDc3NDQwNw@@._V1_SX300.jpg','English, Danish','Nominated for 2 Oscars. Another 23 wins & 99 nominations.'),(244,179,'Interview with the Vampire: The Vampire Chronicles',1994,'11 Nov 1994',123,'A vampire tells his epic life story: love, betrayal, loneliness, and hunger.','http://ia.media-imdb.com/images/M/MV5BMTIzMTIxOTg1NV5BMl5BanBnXkFtZTcwOTM0OTcxMQ@@._V1_SX300.jpg','English, French','Nominated for 2 Oscars. Another 18 wins & 21 nominations.'),(245,180,'The Innocents',1961,'19 Feb 1962',100,'A young governess for two children becomes convinced that the house and grounds are haunted.','http://ia.media-imdb.com/images/M/MV5BMTUwNTg1MDYxNl5BMl5BanBnXkFtZTgwNDk2NTAxNzE@._V1_SX300.jpg','English','Nominated for 2 BAFTA Film Awards. Another 3 wins & 3 nominations.'),(246,60,'When Harry Met Sally...',1989,'21 Jul 1989',96,'Harry and Sally have known each other for years, and are very good friends, but they fear sex would ruin the friendship.','http://ia.media-imdb.com/images/M/MV5BMjE0ODEwNjM2NF5BMl5BanBnXkFtZTcwMjU2Mzg3NA@@._V1_SX300.jpg','English','Nominated for 1 Oscar. Another 4 wins & 15 nominations.'),(247,181,'Greed',1924,'26 Jan 1925',140,'The sudden fortune won from a lottery fans such destructive greed that it ruins the lives of the three people involved.','http://ia.media-imdb.com/images/M/MV5BMTc4OTEwMTg2NV5BMl5BanBnXkFtZTgwODY1NDU5MTE@._V1_SX300.jpg','English','1 win.'),(248,155,'Seven Brides for Seven Brothers',1954,'22 Jul 1954',102,'In 1850 Oregon, when a backwoodsman brings a wife home to his farm, his six brothers decide that they want to get married too.','http://ia.media-imdb.com/images/M/MV5BMTQ0Njk2MDQ4NF5BMl5BanBnXkFtZTcwNjg0NTA0OQ@@._V1_SX300.jpg','English','Won 1 Oscar. Another 4 wins & 7 nominations.'),(249,182,'The Red Shoes',1948,'06 Sep 1948',133,'A young ballet dancer is torn between the man she loves and her pursuit to become a prima ballerina.','http://ia.media-imdb.com/images/M/MV5BMzMzNDY4MzE1Ml5BMl5BanBnXkFtZTcwNTQzMzU0Mw@@._V1_SX300.jpg','English, French, Russian','Won 2 Oscars. Another 2 wins & 5 nominations.'),(250,183,'The Sting',1973,'26 Dec 1973',129,'In Chicago in September 1936, a young con man seeking revenge for his murdered partner teams up with a master of the big con to win a fortune from a criminal banker.','http://ia.media-imdb.com/images/M/MV5BMTY5MjM1OTAyOV5BMl5BanBnXkFtZTgwMDkwODg4MDE@._V1._CR52,57,915,1388_SX89_AL_.jpg_V1_SX300.jpg','English','Won 7 Oscars. Another 10 wins & 6 nominations.'),(251,184,'The Lady Eve',1941,'21 Mar 1941',94,'A trio of classy card sharps targets the socially awkward heir to brewery millions for his money, till one of them falls in love with him.','http://ia.media-imdb.com/images/M/MV5BMjA1OTAwODEzMF5BMl5BanBnXkFtZTYwNzc1MjM5._V1_SX300.jpg','English','Nominated for 1 Oscar. Another 2 wins.'),(252,185,'Garden State',2004,'20 Aug 2004',102,'A quietly troubled young man returns home for his mother\'s funeral after being estranged from his family for a decade.','http://ia.media-imdb.com/images/M/MV5BMjc5MDE0NjkxOF5BMl5BanBnXkFtZTcwNzA0NTkyMw@@._V1_SX300.jpg','English, Klingon','13 wins & 37 nominations.'),(253,186,'No Country for Old Men',2007,'21 Nov 2007',122,'Violence and mayhem ensue after a hunter stumbles upon a drug deal gone wrong and more than two million dollars in cash near the Rio Grande.','http://ia.media-imdb.com/images/M/MV5BMjA5Njk3MjM4OV5BMl5BanBnXkFtZTcwMTc5MTE1MQ@@._V1_SX300.jpg','English, Spanish','Won 4 Oscars. Another 155 wins & 130 nominations.'),(254,187,'Ghost World',2001,'21 Sep 2001',111,'With only the plan of moving in together after high school, two unusually devious friends seek direction in life. As a mere gag, they respond to a man\'s newspaper ad for a date, only to find it will greatly complicate their lives.','http://ia.media-imdb.com/images/M/MV5BNjkyNTgyNzUxOF5BMl5BanBnXkFtZTYwNjQ5Mjg5._V1_SX300.jpg','English','Nominated for 1 Oscar. Another 28 wins & 56 nominations.'),(255,102,'Before Sunset',2004,'30 Jul 2004',80,'Nine years after Jesse and Celine first met, they encounter each other again on the French leg of Jesse\'s book tour.','http://ia.media-imdb.com/images/M/MV5BMTQ1MjAwNTM5Ml5BMl5BanBnXkFtZTYwNDM0MTc3._V1_SX300.jpg','English, French','Nominated for 1 Oscar. Another 9 wins & 27 nominations.'),(256,188,'The Enigma of Kaspar Hauser',1974,'01 Nov 1974',110,'Herzog\'s film is based upon the true and mysterious story of Kaspar Hauser, a young man who suddenly appeared in Nuremberg in 1828, barely able to speak or walk, and bearing a strange note.','http://ia.media-imdb.com/images/M/MV5BMjAwNTIyNzkwM15BMl5BanBnXkFtZTgwNTAzODE0MTE@._V1_SX300.jpg','German','5 wins & 3 nominations.'),(257,123,'The Lord of the Rings: The Return of the King',2003,'17 Dec 2003',201,'Gandalf and Aragorn lead the World of Men against Sauron\'s army to draw his gaze from Frodo and Sam as they approach Mount Doom with the One Ring.','http://ia.media-imdb.com/images/M/MV5BMjE4MjA1NTAyMV5BMl5BanBnXkFtZTcwNzM1NDQyMQ@@._V1_SX300.jpg','English, Quenya, Old English, Sindarin','Won 11 Oscars. Another 170 wins & 112 nominations.'),(258,169,'Platoon',1986,'06 Feb 1987',120,'A young recruit in Vietnam faces a moral crisis when confronted with the horrors of war and the duality of man.','http://ia.media-imdb.com/images/M/MV5BNTU3NzY4ODY5MF5BMl5BanBnXkFtZTcwOTkzNzE1NA@@._V1_SX300.jpg','English, Vietnamese','Won 4 Oscars. Another 19 wins & 14 nominations.'),(259,9,'The Terminator',1984,'26 Oct 1984',107,'A human-looking indestructible cyborg is sent from 2029 to 1984 to assassinate a waitress, whose unborn son will lead humanity in a war against the machines, while a soldier from that war is sent to protect her at all costs.','http://ia.media-imdb.com/images/M/MV5BODE1MDczNTUxOV5BMl5BanBnXkFtZTcwMTA0NDQyNA@@._V1_SX300.jpg','English, Spanish','5 wins & 6 nominations.'),(260,189,'Alien',1979,'22 Jun 1979',117,'After a space merchant vessel perceives an unknown transmission as distress call, their landing on the source planet finds one of the crew attacked by a mysterious lifeform. Continuing their journey back to Earth with the attacked crew having recovered and the critter deceased, they soon realize that its life cycle has merely begun.','http://ia.media-imdb.com/images/M/MV5BMTU1ODQ4NjQyOV5BMl5BanBnXkFtZTgwOTQ3NDU2MTE@._V1_SX300.jpg','English, Spanish','Won 1 Oscar. Another 16 wins & 19 nominations.'),(261,171,'Ocean\'s Eleven',2001,'07 Dec 2001',116,'Danny Ocean and his eleven accomplices plan to rob three Las Vegas casinos simultaneously.','http://ia.media-imdb.com/images/M/MV5BMTY0Mzg4MzgwN15BMl5BanBnXkFtZTgwNDk0MzkxMDE@._V1_SX300.jpg','English, Italian, Cantonese','4 wins & 20 nominations.'),(262,190,'City of God',2002,'13 Feb 2004',130,'Two boys growing up in a violent neighborhood of Rio de Janeiro take different paths: one becomes a photographer, the other a drug dealer.','http://ia.media-imdb.com/images/M/MV5BMjA4ODQ3ODkzNV5BMl5BanBnXkFtZTYwOTc4NDI3._V1_SX300.jpg','Portuguese','Nominated for 4 Oscars. Another 65 wins & 37 nominations.'),(263,191,'Heat',1995,'15 Dec 1995',170,'A group of professional bank robbers start to feel the heat from police when they unknowingly leave a clue at their latest heist.','http://ia.media-imdb.com/images/M/MV5BMTM1NDc4ODkxNV5BMl5BanBnXkFtZTcwNTI4ODE3MQ@@._V1_SX300.jpg','English, Spanish','12 nominations.'),(264,192,'Gremlins',1984,'08 Jun 1984',106,'A boy inadvertently breaks 3 important rules concerning his new pet and unleashes a horde of malevolently mischievous monsters on a small town.','http://ia.media-imdb.com/images/M/MV5BMTU4Njk2MzU4Ml5BMl5BanBnXkFtZTYwNjE1MTg4._V1_SX300.jpg','English, Spanish','7 wins & 6 nominations.'),(265,46,'Rain Man',1988,'16 Dec 1988',133,'Selfish yuppie Charlie Babbitt\'s father left a fortune to his savant brother Raymond and a pittance to Charlie; they travel cross-country.','http://ia.media-imdb.com/images/M/MV5BMTQ4NTA1NDU3NV5BMl5BanBnXkFtZTcwODUwMTU2NA@@._V1_SX300.jpg','English, Italian','Won 4 Oscars. Another 21 wins & 21 nominations.'),(266,31,'Ran',1985,'01 Jun 1985',162,'An elderly lord abdicates to his three sons, and the two corrupt ones turn against him.','http://ia.media-imdb.com/images/M/MV5BNTEyNjg0MDM4OF5BMl5BanBnXkFtZTgwODI0NjUxODE@._V1_SX300.jpg','Japanese','Won 1 Oscar. Another 25 wins & 22 nominations.'),(267,102,'School of Rock',2003,'03 Oct 2003',108,'After being kicked out of a rock band, Dewey Finn becomes a substitute teacher of a strict elementary private school, only to try and turn it into a rock band.','http://ia.media-imdb.com/images/M/MV5BMjEwOTMzNjYzMl5BMl5BanBnXkFtZTcwNjczMTQyMQ@@._V1_SX300.jpg','English','Nominated for 1 Golden Globe. Another 7 wins & 16 nominations.'),(268,58,'Being There',1979,'19 Dec 1979',130,'A simple, sheltered gardener becomes an unlikely trusted advisor to a powerful businessman and an insider in Washington politics.','http://ia.media-imdb.com/images/M/MV5BMTI1MjI4OTA3OV5BMl5BanBnXkFtZTYwNjUwODI5._V1_SX300.jpg','English, Russian, Italian','Won 1 Oscar. Another 11 wins & 15 nominations.'),(269,94,'Jaws',1975,'20 Jun 1975',124,'When a gigantic great white shark begins to menace the small island community of Amity, a police chief, a marine scientist and a grizzled fisherman set out to stop it.','http://ia.media-imdb.com/images/M/MV5BNDcxODkyMjY4MF5BMl5BanBnXkFtZTgwOTk5NTc5MDE@._V1_SX300.jpg','English','Won 3 Oscars. Another 10 wins & 16 nominations.'),(270,125,'Citizen Kane',1941,'05 Sep 1941',119,'Following the death of a publishing tycoon, news reporters scramble to discover the meaning of his final utterance.','http://ia.media-imdb.com/images/M/MV5BMTQ2Mjc1MDQwMl5BMl5BanBnXkFtZTcwNzUyOTUyMg@@._V1_SX300.jpg','English','Won 1 Oscar. Another 7 wins & 12 nominations.'),(271,193,'Battle Royale',2000,'16 Dec 2000',114,'In the future, the Japanese government captures a class of ninth-grade students and forces them to kill each other under the revolutionary \"Battle Royale\" act.','http://ia.media-imdb.com/images/M/MV5BMTY4ODkwMjcxNl5BMl5BanBnXkFtZTgwNDY4MzU4MzE@._V1_SX300.jpg','Japanese','7 wins & 8 nominations.'),(272,12,'American Graffiti',1973,'01 Aug 1973',110,'A couple of high school grads spend one final night cruising the strip with their buddies before they go off to college.','http://ia.media-imdb.com/images/M/MV5BMjI5NjM5MjIyNF5BMl5BanBnXkFtZTgwNjg2MTUxMDE@._V1_SX300.jpg','English','Nominated for 5 Oscars. Another 8 wins & 8 nominations.'),(273,194,'Bag om filmen \'Festen\'',1998,'01 Jun 1998',28,'Interviews and footage from the premiere of the first Dogme film The Celebration.','N/A','Danish','N/A'),(274,60,'This Is Spinal Tap',1984,'02 Mar 1984',82,'Spinal Tap, one of England\'s loudest bands, is chronicled by film director Marty DeBergi on what proves to be a fateful tour.','http://ia.media-imdb.com/images/M/MV5BMTQ2MTIzMzg5Nl5BMl5BanBnXkFtZTgwOTc5NDI1MDE@._V1_SX300.jpg','English','3 wins & 2 nominations.'),(275,184,'The Palm Beach Story',1942,'07 Nov 1942',88,'An inventor needs cash to develop his big idea. His wife, who loves him, decides to raise it for him by divorcing him and marrying a millionaire.','http://ia.media-imdb.com/images/M/MV5BMjM2NDgwODAyOF5BMl5BanBnXkFtZTgwODUwODgxMTE@._V1_SX300.jpg','English','N/A'),(276,38,'The Lady Vanishes',1938,'01 Nov 1938',96,'While traveling in continental Europe, a rich young playgirl realizes that an elderly lady seems to have disappeared from the train.','http://ia.media-imdb.com/images/M/MV5BMzU4NjExMzY1NV5BMl5BanBnXkFtZTgwMTAxMDY0MjE@._V1_SX300.jpg','English, German, French, Italian','1 win & 1 nomination.'),(277,195,'The Magnificent Ambersons',1942,'10 Jul 1942',88,'The spoiled young heir to the decaying Amberson fortune comes between his widowed mother and the man she has always loved.','http://ia.media-imdb.com/images/M/MV5BMjI5MTg5MjA0MV5BMl5BanBnXkFtZTgwODkzODgwMzE@._V1_SX300.jpg','English','Nominated for 4 Oscars. Another 2 wins.'),(278,196,'Gone with the Wind',1939,'17 Jan 1940',238,'A manipulative Southern belle carries on a turbulent affair with a blockade runner during the American Civil War.','http://ia.media-imdb.com/images/M/MV5BNDUwMjAxNTU1MF5BMl5BanBnXkFtZTgwMzg4NzMxMDE@._V1_SX300.jpg','English','Won 8 Oscars. Another 9 wins & 8 nominations.'),(279,122,'Blow Out',1981,'24 Jul 1981',107,'A movie sound recordist accidentally records the evidence that proves that a car accident was actually murder and consequently finds himself in danger.','http://ia.media-imdb.com/images/M/MV5BMTg4NTMzODEwMF5BMl5BanBnXkFtZTcwMzEwOTIyMQ@@._V1_SX300.jpg','English','2 nominations.'),(280,182,'Black Narcissus',1947,'01 Dec 1947',100,'After opening a convent in the Himalayas, five nuns encounter conflict and tension - both with the natives and also within their own group - as they attempt to adapt to their remote, exotic surroundings.','http://ia.media-imdb.com/images/M/MV5BMTg3MDQxMzg2OF5BMl5BanBnXkFtZTgwNDY5NTY3MzE@._V1_SX300.jpg','English','Won 2 Oscars. Another 3 wins & 1 nomination.'),(281,117,'Magnolia',1999,'07 Jan 2000',188,'An epic mosaic of interrelated characters in search of love, forgiveness, and meaning in the San Fernando Valley.','http://ia.media-imdb.com/images/M/MV5BNzMzMDgyNTIzOF5BMl5BanBnXkFtZTcwOTk0MDg2OQ@@._V1_SX300.jpg','English, German, French','Nominated for 3 Oscars. Another 28 wins & 49 nominations.'),(282,197,'Field of Dreams',1989,'05 May 1989',107,'An Iowa corn farmer, hearing voices, interprets them as a command to build a baseball diamond in his fields; he does, and the Chicago White Sox come.','http://ia.media-imdb.com/images/M/MV5BMTkxNDc3MzMwOF5BMl5BanBnXkFtZTcwMzY1Mjk3OA@@._V1_SX300.jpg','English','Nominated for 3 Oscars. Another 6 wins & 10 nominations.'),(283,163,'Crouching Tiger, Hidden Dragon',2000,'12 Jan 2001',120,'Two warriors in pursuit of a stolen sword and a notorious fugitive are led to an impetuous, physically skilled, adolescent nobleman\'s daughter, who is at a crossroads in her life.','http://ia.media-imdb.com/images/M/MV5BMTY5MjM4NjIxOF5BMl5BanBnXkFtZTcwNDg5NzU2OQ@@._V1_SX300.jpg','Mandarin','Won 4 Oscars. Another 95 wins & 126 nominations.'),(284,198,'Anchorman: The Legend of Ron Burgundy',2004,'09 Jul 2004',94,'Ron Burgundy is San Diego\'s top rated newsman in the male-dominated broadcasting of the \'70s, but that\'s all about to change for Ron and his cronies when an ambitious woman is hired as a new anchor.','http://ia.media-imdb.com/images/M/MV5BMTQ2MzYwMzk5Ml5BMl5BanBnXkFtZTcwOTI4NzUyMw@@._V1_SX300.jpg','English, French, Spanish','1 win & 11 nominations.'),(285,199,'Delicatessen',1991,'03 Apr 1992',99,'Post-apocalyptic surrealist black comedy about the landlord of an apartment building who occasionally prepares a delicacy for his odd tenants.','http://ia.media-imdb.com/images/M/MV5BMTY4NzQxNjI5OF5BMl5BanBnXkFtZTcwNzA1OTYxMQ@@._V1_SX300.jpg','French','Nominated for 1 BAFTA Film Award. Another 13 wins & 11 nominations.'),(286,200,'Tokyo Story',1953,'13 Mar 1972',136,'An old couple visit their children and grandchildren in the city; but the children have little time for them.','http://ia.media-imdb.com/images/M/MV5BMTgzMDk3MzMwMF5BMl5BanBnXkFtZTcwODM1NTAwMQ@@._V1._CR17,36,290,438_SX89_AL_.jpg_V1_SX300.jpg','Japanese, English','3 wins.'),(287,201,'2 Days in Paris',2007,'31 Aug 2007',96,'Marion and Jack try to rekindle their relationship with a visit to Paris, home of Marion\'s parents -- and several of her ex-boyfriends.','http://ia.media-imdb.com/images/M/MV5BMjAyNTY3NTcyOF5BMl5BanBnXkFtZTcwMTcyMjM1MQ@@._V1_SX300.jpg','English, French','2 wins & 5 nominations.'),(288,202,'Local Hero',1983,'18 Feb 1983',111,'An American oil company sends a man to Scotland to buy up an entire village where they want to build a refinery. But things don\'t go as expected.','http://ia.media-imdb.com/images/M/MV5BMjExMzE1NDg2NV5BMl5BanBnXkFtZTcwNjg2ODIyMQ@@._V1_SX300.jpg','English, Russian, Japanese','Won 1 BAFTA Film Award. Another 3 wins & 6 nominations.'),(289,168,'Far from Heaven',2002,'10 Jan 2003',107,'In 1950s Connecticut, a housewife faces a marital crisis and mounting racial tensions in the outside world.','http://ia.media-imdb.com/images/M/MV5BMTE5ODI3MTM4OV5BMl5BanBnXkFtZTYwNjE5OTg2._V1_SX300.jpg','English','Nominated for 4 Oscars. Another 100 wins & 86 nominations.'),(290,203,'The Rules of the Game',1939,'08 Apr 1950',110,'A bourgeois life in France at the onset of World War II, as the rich and their poor servants meet up at a French chateau.','http://ia.media-imdb.com/images/M/MV5BMTA4MjI2MTU1OTleQTJeQWpwZ15BbWU4MDE5NTAzOTEx._V1_SX300.jpg','French, German, English','2 wins.'),(291,58,'Harold and Maude',1971,'20 Dec 1971',91,'Young, rich, and obsessed with death, Harold finds himself changed forever when he meets lively septuagenarian Maude at a funeral.','http://ia.media-imdb.com/images/M/MV5BMTUxMjMwODMxMl5BMl5BanBnXkFtZTYwMDA3MDE5._V1_SX300.jpg','English','Nominated for 2 Golden Globes. Another 2 wins & 1 nomination.'),(292,11,'The Best Years of Our Lives',1946,'17 Jun 1947',172,'Three World War II veterans return home to small-town America to discover that they and their families have been irreparably changed.','http://ia.media-imdb.com/images/M/MV5BMTk1NTAxNzg3Nl5BMl5BanBnXkFtZTcwNjU4OTQwNw@@._V1_SX300.jpg','English','Won 7 Oscars. Another 13 wins & 2 nominations.'),(293,204,'Toy Story 2',1999,'24 Nov 1999',92,'When Woody is stolen by a toy collector, Buzz and his friends vow to rescue him, but Woody finds the idea of immortality in a museum tempting.','http://ia.media-imdb.com/images/M/MV5BMTQ0OTU0NTcyNl5BMl5BanBnXkFtZTcwOTk5Mjc4OA@@._V1_SX300.jpg','English, Arabic, Spanish','Nominated for 1 Oscar. Another 20 wins & 28 nominations.'),(294,205,'American Beauty',1999,'01 Oct 1999',122,'A bored suburban father has a mid-life crisis after becoming infatuated with his daughter\'s best friend.','http://ia.media-imdb.com/images/M/MV5BMjM4NTI5NzYyNV5BMl5BanBnXkFtZTgwNTkxNTYxMTE@._V1_SX300.jpg','English','Won 5 Oscars. Another 103 wins & 96 nominations.'),(295,206,'Blazing Saddles',1974,'07 Feb 1974',93,'To ruin a western town, a corrupt political boss appoints a black sheriff, who promptly becomes his most formidable adversary.','http://ia.media-imdb.com/images/M/MV5BMTcyMzQ0MjQ5MF5BMl5BanBnXkFtZTYwOTczNjA5._V1_SX300.jpg','English, Yiddish, German','Nominated for 3 Oscars. Another 3 wins & 2 nominations.'),(296,207,'American Psycho',2000,'14 Apr 2000',102,'A wealthy New York investment banking executive hides his alternate psychopathic ego from his co-workers and friends as he delves deeper into his violent, hedonistic fantasies.','http://ia.media-imdb.com/images/M/MV5BMjIyMTYwMTI0N15BMl5BanBnXkFtZTgwNTU2NTYxMTE@._V1_SX300.jpg','English, Spanish, Cantonese','5 wins & 8 nominations.'),(297,31,'High and Low',1963,'26 Nov 1963',143,'An executive of a shoe company becomes a victim of extortion when his chauffeur\'s son is kidnapped and held for ransom.','http://ia.media-imdb.com/images/M/MV5BMTk4MTE4NTc5NF5BMl5BanBnXkFtZTYwOTcyMjU5._V1._CR0,40,331,434_SY132_CR6,0,89,132_AL_.jpg_V1_SX300.jpg','Japanese','Nominated for 1 Golden Globe. Another 3 wins & 2 nominations.'),(298,208,'The Silence of the Lambs',1991,'14 Feb 1991',118,'A young F.B.I. cadet must confide in an incarcerated and manipulative killer to receive his help on catching another serial killer who skins his victims.','http://ia.media-imdb.com/images/M/MV5BMTQ2NzkzMDI4OF5BMl5BanBnXkFtZTcwMDA0NzE1NA@@._V1_SX300.jpg','English','Won 5 Oscars. Another 48 wins & 34 nominations.'),(299,209,'Life of Brian',1979,'17 Aug 1979',94,'Brian is born on the original Christmas, in the stable next door. He spends his life being mistaken for a messiah.','http://ia.media-imdb.com/images/M/MV5BMTM2NjQ4NDA0MV5BMl5BanBnXkFtZTcwMjM0Njk3OA@@._V1_SX300.jpg','English, Latin','N/A'),(300,38,'Vertigo',1958,'N/A',128,'A San Francisco detective suffering from acrophobia investigates the strange activities of an old friend\'s wife, all the while becoming dangerously obsessed with her.','http://ia.media-imdb.com/images/M/MV5BNzY0NzQyNzQzOF5BMl5BanBnXkFtZTcwMTgwNTk4OQ@@._V1_SX300.jpg','English','Nominated for 2 Oscars. Another 8 wins & 3 nominations.'),(301,38,'Notorious',1946,'06 Sep 1946',101,'A woman is asked to spy on a group of Nazi friends in South America. How far will she have to go to ingratiate herself with them?','http://ia.media-imdb.com/images/M/MV5BMTY3NTAwMjk5OV5BMl5BanBnXkFtZTgwNDU5OTQzMTE@._V1_SX300.jpg','English, French, Portuguese','Nominated for 2 Oscars. Another 3 wins & 1 nomination.'),(302,210,'Sweet Smell of Success',1957,'27 Jun 1957',96,'Powerful but unethical Broadway columnist J.J. Hunsecker coerces unscrupulous press agent Sidney Falco into breaking up his sister\'s romance with a jazz musician.','http://ia.media-imdb.com/images/M/MV5BMjAwNzQ3MjE2Nl5BMl5BanBnXkFtZTcwNjU2NzI5NA@@._V1_SX300.jpg','English','Nominated for 1 BAFTA Film Award. Another 3 wins & 2 nominations.'),(303,60,'Stand by Me',1986,'22 Aug 1986',89,'After the death of a friend, a writer recounts a boyhood journey to find the body of a missing boy.','http://ia.media-imdb.com/images/M/MV5BNDk2MTkyMTA1OF5BMl5BanBnXkFtZTcwOTc2Njk3OA@@._V1_SX300.jpg','English','Nominated for 1 Oscar. Another 4 wins & 10 nominations.'),(304,17,'Taxi Driver',1976,'08 Feb 1976',113,'A mentally unstable Vietnam War veteran works as a night-time taxi driver in New York City where the perceived decadence and sleaze feeds his urge for violent action, attempting to save a preadolescent prostitute in the process.','http://ia.media-imdb.com/images/M/MV5BMTQ1Nzg3MDQwN15BMl5BanBnXkFtZTcwNDE2NDU2MQ@@._V1_SX300.jpg','English, Spanish','Nominated for 4 Oscars. Another 21 wins & 15 nominations.'),(305,177,'Double Indemnity',1944,'24 Apr 1944',107,'An insurance representative lets himself be talked into a murder/insurance fraud scheme that arouses an insurance investigator\'s suspicions.','http://ia.media-imdb.com/images/M/MV5BMTQzOTE4MTIzMV5BMl5BanBnXkFtZTgwODc1NDQ5MDE@._V1_SX300.jpg','English','Nominated for 7 Oscars. Another 2 wins & 2 nominations.'),(306,74,'Rushmore',1998,'19 Feb 1999',93,'The extracurricular king of Rushmore preparatory school is put on academic probation.','http://ia.media-imdb.com/images/M/MV5BMjE2OTc3OTk2M15BMl5BanBnXkFtZTgwMjg2NjIyMDE@._V1_SX300.jpg','English, Spanish, Latin, French','Nominated for 1 Golden Globe. Another 15 wins & 15 nominations.'),(307,28,'Zodiac',2007,'02 Mar 2007',157,'A San Francisco cartoonist becomes an amateur detective obsessed with tracking down the Zodiac killer.','http://ia.media-imdb.com/images/M/MV5BMTQxNjc2NzAwNF5BMl5BanBnXkFtZTcwMDg3NzMzMw@@._V1_SX300.jpg','English','2 wins & 64 nominations.'),(308,64,'Edward Scissorhands',1990,'14 Dec 1990',105,'A gentle man, with scissors for hands, is brought into a new community after living in isolation.','http://ia.media-imdb.com/images/M/MV5BOTE2NDExNjQxMF5BMl5BanBnXkFtZTgwMzQ3NzMxMDE@._V1_SX300.jpg','English','Nominated for 1 Oscar. Another 6 wins & 14 nominations.'),(309,211,'Four Weddings and a Funeral',1994,'15 Apr 1994',117,'Over the course of five social occasions, a committed bachelor must consider the notion that he may have discovered love.','http://ia.media-imdb.com/images/M/MV5BMTMyNzg2NzgxNV5BMl5BanBnXkFtZTcwMTcxNzczNA@@._V1_SX300.jpg','English, British Sign Language','Nominated for 2 Oscars. Another 23 wins & 20 nominations.'),(310,212,'Rocky',1976,'03 Dec 1976',120,'Rocky Balboa, a small-time boxer, gets a supremely rare chance to fight the heavy-weight champion, Apollo Creed, in a bout in which he strives to go the distance for his self-respect.','http://ia.media-imdb.com/images/M/MV5BMTY5MDMzODUyOF5BMl5BanBnXkFtZTcwMTQ3NTMyNA@@._V1_SX300.jpg','English','Won 3 Oscars. Another 16 wins & 21 nominations.'),(311,213,'Chinatown',1974,'20 Jun 1974',130,'A private detective hired to expose an adulterer finds himself caught up in a web of deceit, corruption and murder.','http://ia.media-imdb.com/images/M/MV5BMTUyMTQ1NjA2OV5BMl5BanBnXkFtZTcwODQ1Njg3OA@@._V1_SX300.jpg','English, Cantonese, Spanish','Won 1 Oscar. Another 20 wins & 23 nominations.'),(312,214,'Santa Sangre',1989,'27 Jun 1990',123,'A young man is confined in a mental hospital. Through a flashback we see that he was traumatized as a child, when he and his family were circus performers: he saw his father cut off the ...','http://ia.media-imdb.com/images/M/MV5BMTcyMjY3MzY5OV5BMl5BanBnXkFtZTcwNTAyNzUyNA@@._V1_SX300.jpg','English','1 win & 8 nominations.'),(313,90,'Le Samouraï',1967,'01 Jan 1967',101,'After killing a night-club owner, professional hitman Jef Costello is seen by witnesses. His efforts to provide himself with an alibi fail and more and more he gets driven into a corner.','http://ia.media-imdb.com/images/M/MV5BMTg4OTg0ODEwN15BMl5BanBnXkFtZTcwNjcyMjEzMQ@@._V1_SX300.jpg','French','N/A'),(314,31,'Rashomon',1950,'26 Dec 1951',88,'A heinous crime and its aftermath are recalled from differing points of view.','http://ia.media-imdb.com/images/M/MV5BMjEzMzA4NDE2OF5BMl5BanBnXkFtZTcwNTc5MDI2NQ@@._V1._CR0,0,503,683_SY132_CR4,0,89,132_AL_.jpg_V1_SX300.jpg','Japanese','Nominated for 1 Oscar. Another 9 wins & 3 nominations.'),(315,88,'A Man Escaped',1956,'26 Aug 1957',99,'Captured French Resistance fighter Andre Devigny awaits a certain death sentence for espionage in a stark Nazi prison. Facing malnourishment and paralyzing fear, he must engineer an ...','http://ia.media-imdb.com/images/M/MV5BNTMwNzg1MDIyN15BMl5BanBnXkFtZTcwNTgwMDYyMQ@@._V1_SX300.jpg','French, German','Nominated for 1 BAFTA Film Award. Another 3 wins & 2 nominations.'),(316,215,'Aladdin',1992,'25 Nov 1992',90,'When a street urchin vies for the love of a beautiful princess, he uses a genie\'s magic power to make himself off as a prince in order to marry her.','http://ia.media-imdb.com/images/M/MV5BNTI4ODQ1MzAzNV5BMl5BanBnXkFtZTgwMzU4NzMxMDE@._V1_SX300.jpg','English','Won 2 Oscars. Another 24 wins & 17 nominations.'),(317,120,'Spider-Man 2',2004,'30 Jun 2004',127,'Peter Parker is beset with troubles in his failing personal life as he battles a brilliant scientist named Doctor Otto Octavius.','http://ia.media-imdb.com/images/M/MV5BMjE0Njc1NDYzN15BMl5BanBnXkFtZTcwNjAxMzYyMQ@@._V1_SX300.jpg','English, Russian, Chinese','Won 1 Oscar. Another 23 wins & 51 nominations.'),(318,75,'Un Chien Andalou',1929,'06 Jun 1929',16,'Luis Buñuel and Salvador Dalí present seventeen minutes of bizarre, surreal imagery.','http://ia.media-imdb.com/images/M/MV5BMjE0NDkyMDk0MF5BMl5BanBnXkFtZTgwODQ3ODMwMzE@._V1_SX300.jpg','French','N/A'),(319,216,'The Red Balloon',1956,'11 Mar 1957',34,'A red balloon with a life of its own follows a little boy around the streets of Paris.','http://ia.media-imdb.com/images/M/MV5BMTU3OTcxMDU2N15BMl5BanBnXkFtZTcwNjA1MTE3MQ@@._V1_SX300.jpg','French','Won 1 Oscar. Another 4 wins & 1 nomination.'),(320,78,'Who Framed Roger Rabbit',1988,'22 Jun 1988',104,'A toon hating detective is a cartoon rabbit\'s only hope to prove his innocence when he is accused of murder.','http://ia.media-imdb.com/images/M/MV5BMTgxOTE1NjA0OV5BMl5BanBnXkFtZTcwODM3MTYxMQ@@._V1_SX300.jpg','English','Won 3 Oscars. Another 19 wins & 21 nominations.'),(321,188,'Fitzcarraldo',1982,'10 Oct 1982',158,'The story of Brian Sweeney Fitzgerald, an extremely determined man who intends to build an opera house in the middle of a jungle.','http://ia.media-imdb.com/images/M/MV5BMTY1MzYzOTIxM15BMl5BanBnXkFtZTgwNzY5MTA2MTE@._V1_SX300.jpg','German, Spanish, Italian','Nominated for 1 Golden Globe. Another 4 wins & 3 nominations.'),(322,94,'Raiders of the Lost Ark',1981,'12 Jun 1981',115,'Archaeologist and adventurer Indiana Jones is hired by the US government to find the Ark of the Covenant before the Nazis.','http://ia.media-imdb.com/images/M/MV5BMjA0ODEzMTc1Nl5BMl5BanBnXkFtZTcwODM2MjAxNA@@._V1_SX300.jpg','English, German, Hebrew, Spanish, Arabic, Nepali','Won 4 Oscars. Another 29 wins & 23 nominations.'),(323,182,'A Canterbury Tale',1944,'21 Jan 1949',95,'A \'Land Girl\', an American GI, and a British soldier find themselves together in a small Kent town on the road to Canterbury. The town is being plagued by a mysterious \"glue-man\", who pours...','http://ia.media-imdb.com/images/M/MV5BMTU4MDI5NTc1Ml5BMl5BanBnXkFtZTcwNjE0OTIzMQ@@._V1_SX300.jpg','English','N/A'),(324,143,'To Have and Have Not',1944,'20 Jan 1945',100,'During WWII, American expatriate Harry Morgan helps transport a Free French Resistance leader and his beautiful wife to Martinique while romancing a sexy lounge singer.','http://ia.media-imdb.com/images/M/MV5BMTczMzQ5ODU0M15BMl5BanBnXkFtZTgwMTc3MzgyMjE@._V1_SX300.jpg','English, French','N/A'),(325,217,'Star Wars: Episode V - The Empire Strikes Back',1980,'20 Jun 1980',124,'After the rebels have been brutally overpowered by the Empire on their newly established base, Luke Skywalker takes advanced Jedi training with Master Yoda, while his friends are pursued by Darth Vader as part of his plan to capture Luke.','http://ia.media-imdb.com/images/M/MV5BMjE2MzQwMTgxN15BMl5BanBnXkFtZTcwMDQzNjk2OQ@@._V1_SX300.jpg','English','Won 1 Oscar. Another 15 wins & 18 nominations.'),(326,108,'Unbreakable',2000,'22 Nov 2000',106,'A man learns something extraordinary about himself after a devastating accident.','http://ia.media-imdb.com/images/M/MV5BMTQ5MzkyMjk2Nl5BMl5BanBnXkFtZTYwOTAxOTE3._V1_SX300.jpg','English','2 wins & 12 nominations.'),(327,218,'Cloverfield',2008,'18 Jan 2008',85,'A group of friends venture deep into the streets of New York on a rescue mission during a rampaging monster attack.','http://ia.media-imdb.com/images/M/MV5BMTQ1NzU4NjI5Nl5BMl5BanBnXkFtZTcwNTkyMjc1MQ@@._V1_SX300.jpg','English, Russian','5 wins & 23 nominations.'),(328,219,'First Blood',1982,'22 Oct 1982',93,'Former Green Beret John Rambo is pursued into the mountains surrounding a small town by a tyrannical sheriff and his deputies, forcing him to survive using his combat skills.','http://ia.media-imdb.com/images/M/MV5BNzk5NDc4MDQyNV5BMl5BanBnXkFtZTgwNzg5NTYxMTE@._V1_SX300.jpg','English','1 win & 2 nominations.'),(329,220,'Snow White and the Seven Dwarfs',1937,'04 Feb 1938',83,'Snow White, pursued by a jealous queen, hides with the Dwarfs, but the queen learns of this and prepares to feed her a poison apple.','http://ia.media-imdb.com/images/M/MV5BMTQwMzE2Mzc4M15BMl5BanBnXkFtZTcwMTE4NTc1Nw@@._V1_SX300.jpg','English, Arabic','Nominated for 1 Oscar. Another 11 wins & 4 nominations.'),(330,12,'Star Wars: Episode III - Revenge of the Sith',2005,'19 May 2005',140,'During the near end of the clone wars, Darth Sidious has revealed himself and is ready to execute the last part of his plan to rule the Galaxy. Sidious is ready for his new apprentice, Lord...','http://ia.media-imdb.com/images/M/MV5BNTc4MTc3NTQ5OF5BMl5BanBnXkFtZTcwOTg0NjI4NA@@._V1_SX300.jpg','English','Nominated for 1 Oscar. Another 22 wins & 51 nominations.'),(331,221,'The Outlaw Josey Wales',1976,'30 Jun 1976',135,'A Missouri farmer joins a Confederate guerrilla unit and winds up on the run from the Union soldiers who murdered his family.','http://ia.media-imdb.com/images/M/MV5BMTI2NTY2NjQ0OV5BMl5BanBnXkFtZTcwODUxNjgyMQ@@._V1_SX300.jpg','English, Navajo, Spanish','Nominated for 1 Oscar. Another 1 win.'),(332,222,'The Third Man',1949,'31 Aug 1949',93,'Pulp novelist Holly Martins travels to shadowy, postwar Vienna, only to find himself investigating the mysterious death of an old friend, Harry Lime.','http://ia.media-imdb.com/images/M/MV5BMjMwNzMzMTQ0Ml5BMl5BanBnXkFtZTgwNjExMzUwNjE@._V1_SX300.jpg','English, German, Russian','Won 1 Oscar. Another 4 wins & 4 nominations.'),(333,223,'Donnie Darko',2001,'26 Oct 2001',113,'A troubled teenager is plagued by visions of a large bunny rabbit that manipulates him to commit a series of crimes, after narrowly escaping a bizarre accident.','http://ia.media-imdb.com/images/M/MV5BMTczMzE4Nzk3N15BMl5BanBnXkFtZTcwNDg5Mjc4NA@@._V1_SX300.jpg','English','11 wins & 15 nominations.'),(334,77,'Batman Begins',2005,'15 Jun 2005',140,'After training with his mentor, Batman begins his war on crime to free the crime-ridden Gotham City from corruption that the Scarecrow and the League of Shadows have cast upon it.','http://ia.media-imdb.com/images/M/MV5BNTM3OTc0MzM2OV5BMl5BanBnXkFtZTYwNzUwMTI3._V1_SX300.jpg','English, Urdu, Mandarin','Nominated for 1 Oscar. Another 15 wins & 66 nominations.'),(335,36,'Rocco and His Brothers',1960,'26 Jun 1961',180,'Having recently been uprooted to Milan, Rocco and his four brothers each look for a new way in life when a prostitute comes between Rocco and his brother Simone.','http://ia.media-imdb.com/images/M/MV5BMTE5OTUwNDUzOV5BMl5BanBnXkFtZTcwNDY5MTUxMQ@@._V1_SX300.jpg','Italian','Nominated for 2 BAFTA Film Awards. Another 10 wins & 7 nominations.'),(336,224,'Groundhog Day',1993,'12 Feb 1993',101,'A weatherman finds himself living the same day over and over again.','http://ia.media-imdb.com/images/M/MV5BMTU0MzQyNTExMV5BMl5BanBnXkFtZTgwMjA0Njk1MDE@._V1_SX300.jpg','English, French, Italian','Won 1 BAFTA Film Award. Another 5 wins & 8 nominations.'),(337,225,'Downfall',2004,'08 Apr 2005',156,'Traudl Junge, the final secretary for Adolf Hitler, tells of the Nazi dictator\'s final days in his Berlin bunker at the end of WWII.','http://ia.media-imdb.com/images/M/MV5BMTM1OTI1MjE2Nl5BMl5BanBnXkFtZTcwMTEwMzc4NA@@._V1_SX300.jpg','German, Russian, Hungarian','Nominated for 1 Oscar. Another 21 wins & 25 nominations.'),(338,226,'Lone Star',1996,'21 Jun 1996',135,'When the skeleton of his murdered predecessor is found, Sheriff Sam Deeds unearths many other long-buried secrets in his Texas border town.','http://ia.media-imdb.com/images/M/MV5BMTI2NjUwODY0Nl5BMl5BanBnXkFtZTcwMjYyODcxMQ@@._V1_SX300.jpg','English, Spanish','Nominated for 1 Oscar. Another 15 wins & 15 nominations.'),(339,227,'Akira',1988,'16 Jul 1988',124,'A secret military project endangers Neo-Tokyo when it turns a biker gang member into a rampaging psychic psychopath that only two kids and a group of psychics can stop.','http://ia.media-imdb.com/images/M/MV5BNTk0MjE2NDc1Nl5BMl5BanBnXkFtZTgwODM3NTU3MzE@._V1_SX300.jpg','Japanese','1 win.'),(340,228,'Sin City',2005,'01 Apr 2005',124,'A film that explores the dark and miserable town, Basin City, and tells the story of three different people, all caught up in violent corruption.','http://ia.media-imdb.com/images/M/MV5BMTI2NjUyMDUyMV5BMl5BanBnXkFtZTcwMzU0OTkyMQ@@._V1_SX300.jpg','English','31 wins & 47 nominations.'),(341,163,'Sense and Sensibility',1995,'26 Jan 1996',136,'Rich Mr. Dashwood dies, leaving his second wife and her three daughters poor by the rules of inheritance. The two eldest daughters are the titular opposites.','http://ia.media-imdb.com/images/M/MV5BNzk1MjU3MDQyMl5BMl5BanBnXkFtZTcwNjc1OTM2MQ@@._V1_SX300.jpg','English, French','Won 1 Oscar. Another 31 wins & 44 nominations.'),(342,182,'The Life and Death of Colonel Blimp',1943,'04 May 1945',163,'From the Boer War through World War II, a soldier rises through the ranks in the British military.','http://ia.media-imdb.com/images/M/MV5BMTIwNjQwNDE5M15BMl5BanBnXkFtZTcwNTI2MTgxMQ@@._V1_SX300.jpg','English, French, German','1 win & 2 nominations.'),(343,229,'In the Company of Men',1997,'01 Aug 1997',97,'Two business executives--one an avowed misogynist, the other recently emotionally wounded by his love interest--set out to exact revenge on the female gender by seeking out the most innocent, uncorrupted girl they can find and ruining her life.','http://ia.media-imdb.com/images/M/MV5BMTA1NjYzMDg4NzheQTJeQWpwZ15BbWU3MDA3NTc5MzE@._V1_SX300.jpg','English, American Sign Language','14 wins & 11 nominations.'),(344,2,'The Shining',1980,'23 May 1980',146,'A family heads to an isolated hotel for the winter where an evil and spiritual presence influences the father into violence, while his psychic son sees horrific forebodings from the past and of the future.','http://ia.media-imdb.com/images/M/MV5BODMxMjE3NTA4Ml5BMl5BanBnXkFtZTgwNDc0NTIxMDE@._V1_SX300.jpg','English','3 wins & 5 nominations.'),(345,230,'The Hustler',1961,'25 Sep 1961',134,'An up-and-coming pool player plays a long-time champion in a single high-stakes match.','http://ia.media-imdb.com/images/M/MV5BNDQ2NzcyMTU2MF5BMl5BanBnXkFtZTcwMjYyMjA0Mg@@._V1_SX300.jpg','English','Won 2 Oscars. Another 11 wins & 19 nominations.'),(346,9,'Aliens',1986,'18 Jul 1986',137,'The planet from Alien (1979) has been colonized, but contact is lost. This time, the rescue team has impressive firepower, but will it be enough?','http://ia.media-imdb.com/images/M/MV5BMTYzNzU5MzQ4OV5BMl5BanBnXkFtZTcwMDcxNDg3OA@@._V1_SX300.jpg','English','Won 2 Oscars. Another 17 wins & 22 nominations.'),(347,94,'Saving Private Ryan',1998,'24 Jul 1998',169,'Following the Normandy Landings, a group of U.S. soldiers go behind enemy lines to retrieve a paratrooper whose brothers have been killed in action.','http://ia.media-imdb.com/images/M/MV5BNjczODkxNTAxN15BMl5BanBnXkFtZTcwMTcwNjUxMw@@._V1_SX300.jpg','English, French, German, Czech','Won 5 Oscars. Another 74 wins & 74 nominations.'),(348,231,'Duck Soup',1933,'17 Nov 1933',68,'Rufus T. Firefly is named president/dictator of bankrupt Freedonia and declares war on neighboring Sylvania over the love of wealthy Mrs. Teasdale.','http://ia.media-imdb.com/images/M/MV5BMTUyNDkzNzM1M15BMl5BanBnXkFtZTgwNTU5MTM4MTE@._V1_SX300.jpg','English','2 wins & 1 nomination.'),(349,232,'Ghostbusters',1984,'08 Jun 1984',105,'Three former parapsychology professors set up shop as a unique ghost removal service.','http://ia.media-imdb.com/images/M/MV5BMTkxMjYyNzgwMl5BMl5BanBnXkFtZTgwMTE3MjYyMTE@._V1_SX300.jpg','English','Nominated for 2 Oscars. Another 5 wins & 6 nominations.'),(350,233,'Night of the Living Dead',1968,'01 Oct 1968',96,'A group of people hide from bloodthirsty zombies in a farmhouse.','http://ia.media-imdb.com/images/M/MV5BMTQ2MjAxODUyNl5BMl5BanBnXkFtZTgwOTExMzUzMDE@._V1_SX300.jpg','English','1 win.'),(351,234,'The Goonies',1985,'07 Jun 1985',114,'In order to save their home from foreclosure, a group of misfits set out to find a pirate\'s ancient treasure.','http://ia.media-imdb.com/images/M/MV5BMTEyMzM3NDQyMjJeQTJeQWpwZ15BbWU4MDE4ODY0NjEx._V1_SX300.jpg','English, Spanish, Cantonese, Italian','2 wins & 6 nominations.'),(352,189,'Gladiator',2000,'05 May 2000',155,'When a Roman general is betrayed and his family murdered by an emperor\'s corrupt son, he comes to Rome as a gladiator to seek revenge.','http://ia.media-imdb.com/images/M/MV5BMTgwMzQzNTQ1Ml5BMl5BanBnXkFtZTgwMDY2NTYxMTE@._V1_SX300.jpg','English','Won 5 Oscars. Another 53 wins & 101 nominations.'),(353,235,'Superbad',2007,'17 Aug 2007',113,'Two co-dependent high school seniors are forced to deal with separation anxiety after their plan to stage a booze-soaked party goes awry.','http://ia.media-imdb.com/images/M/MV5BMTc0NjIyMjA2OF5BMl5BanBnXkFtZTcwMzIxNDE1MQ@@._V1_SX300.jpg','English','11 wins & 24 nominations.'),(354,2,'Paths of Glory',1957,'25 Oct 1957',88,'After refusing to attack an enemy position, a general accuses the soldiers of cowardice and their commanding officer must defend them.','http://ia.media-imdb.com/images/M/MV5BMTUxNTcxMjI5NV5BMl5BanBnXkFtZTcwNTcyNjI3Mw@@._V1._CR17,1,331,497_SX89_AL_.jpg_V1_SX300.jpg','English, German, Latin','Nominated for 1 BAFTA Film Award. Another 4 wins & 2 nominations.'),(355,109,'Lawrence of Arabia',1962,'11 Dec 1962',216,'The story of TE Lawrence, the English officer who successfully united and lead the diverse, often warring, Arab tribes during World War 1 in order to fight the Turks.','http://ia.media-imdb.com/images/M/MV5BMzAwMjM4NzA2OV5BMl5BanBnXkFtZTcwMDI0NzAwMQ@@._V1_SX300.jpg','English, Arabic, Turkish','Won 7 Oscars. Another 22 wins & 15 nominations.'),(356,236,'Ten',2002,'18 Sep 2002',94,'Ten sequences examine the emotional lives of women at significant junctures.','http://ia.media-imdb.com/images/M/MV5BMTgyNTYwMzM5MV5BMl5BanBnXkFtZTcwMjE5MTcyMQ@@._V1_SX300.jpg','Persian','3 nominations.'),(357,237,'Sunrise',1927,'04 Nov 1927',94,'A married farmer falls under the spell of a slatternly woman from the city, who tries to convince him to drown his wife.','http://ia.media-imdb.com/images/M/MV5BMjIzNzg4MzcxNV5BMl5BanBnXkFtZTgwMTgzNTE0MTE@._V1_SX300.jpg','N/A','Won 3 Oscars. Another 2 wins & 1 nomination.'),(358,122,'The Untouchables',1987,'03 Jun 1987',119,'Federal Agent Eliot Ness sets out to stop Al Capone; because of rampant corruption, he assembles a small, hand-picked team.','http://ia.media-imdb.com/images/M/MV5BMTc1MzY0MTcyMV5BMl5BanBnXkFtZTcwMzE3Njk3OA@@._V1_SX300.jpg','English','Won 1 Oscar. Another 10 wins & 15 nominations.'),(359,177,'Ace in the Hole',1951,'29 Jun 1951',111,'A frustrated former big-city journalist now stuck working for an Albuquerque newspaper exploits a story about a man trapped in a cave to re-jump start his career, but the situation quickly escalates into an out-of-control circus.','http://ia.media-imdb.com/images/M/MV5BMTIwNjYzMTc0M15BMl5BanBnXkFtZTcwMzM2Njc0MQ@@._V1_SX300.jpg','English, Spanish, Latin','Nominated for 1 Oscar. Another 3 wins & 2 nominations.'),(360,183,'Butch Cassidy and the Sundance Kid',1969,'24 Oct 1969',110,'Two Western bank/train robbers flee to Bolivia when the law gets too close.','http://ia.media-imdb.com/images/M/MV5BMTkyMTM2NDk5Nl5BMl5BanBnXkFtZTgwNzY1NzEyMDE@._V1_SX300.jpg','English, Spanish','Won 4 Oscars. Another 16 wins & 14 nominations.'),(361,15,'Dog Day Afternoon',1975,'21 Sep 1975',125,'A man robs a bank to pay for his lover\'s operation; it turns into a hostage situation and a media circus.','http://ia.media-imdb.com/images/M/MV5BMTQyNjQ5NjczM15BMl5BanBnXkFtZTYwNDA4MTk4._V1_SX300.jpg','English','Won 1 Oscar. Another 13 wins & 19 nominations.'),(362,102,'Before Sunrise',1995,'27 Jan 1995',105,'A young man and woman meet on a train in Europe, and wind up spending one evening together in Vienna. Unfortunately, both know that this will probably be their only night together.','http://ia.media-imdb.com/images/M/MV5BMTQyMTM3MTQxMl5BMl5BanBnXkFtZTcwMDAzNjQ4Mg@@._V1_SX300.jpg','English, German, French','1 win & 7 nominations.'),(363,141,'Harry Potter and the Prisoner of Azkaban',2004,'04 Jun 2004',142,'It\'s Harry\'s third year at Hogwarts; not only does he have a new \"Defense Against the Dark Arts\" teacher, but there is also trouble brewing. Convicted murderer Sirius Black has escaped the Wizards\' Prison and is coming after Harry.','http://ia.media-imdb.com/images/M/MV5BMTY4NTIwODg0N15BMl5BanBnXkFtZTcwOTc0MjEzMw@@._V1_SX300.jpg','English','Nominated for 2 Oscars. Another 13 wins & 41 nominations.'),(364,109,'The Bridge on the River Kwai',1957,'14 Dec 1957',161,'After settling his differences with a Japanese PoW camp commander, a British colonel co-operates to oversee his men\'s construction of a railway bridge for their captors - while oblivious to a plan by the Allies to destroy it.','http://ia.media-imdb.com/images/M/MV5BMTc2NzA0NTEwNF5BMl5BanBnXkFtZTcwMzA0MTk3OA@@._V1_SX300.jpg','English, Japanese, Thai','Won 7 Oscars. Another 23 wins & 7 nominations.'),(365,238,'The Wild Bunch',1969,'18 Jun 1969',145,'An aging group of outlaws look for one last big score as the \"traditional\" American West is disappearing around them.','http://ia.media-imdb.com/images/M/MV5BMjMxNjEyNDE4NF5BMl5BanBnXkFtZTcwODk2Njk3OA@@._V1_SX300.jpg','English, Spanish, German','Nominated for 2 Oscars. Another 5 wins & 4 nominations.'),(366,239,'The Nightmare Before Christmas',1993,'29 Oct 1993',76,'Jack Skellington, king of Halloween Town, discovers Christmas Town, but doesn\'t quite understand the concept.','http://ia.media-imdb.com/images/M/MV5BMTc5MDY0MjkwNV5BMl5BanBnXkFtZTcwNTk2Njk3OA@@._V1_SX300.jpg','English','Nominated for 1 Oscar. Another 6 wins & 6 nominations.'),(367,123,'The Lord of the Rings: The Two Towers',2002,'18 Dec 2002',179,'While Frodo and Sam edge closer to Mordor with the help of the shifty Gollum, the divided fellowship makes a stand against Sauron\'s new ally, Saruman, and his hordes of Isengard.','http://ia.media-imdb.com/images/M/MV5BMTAyNDU0NjY4NTheQTJeQWpwZ15BbWU2MDk4MTY2Nw@@._V1_SX300.jpg','English, Sindarin, Old English','Won 2 Oscars. Another 114 wins & 126 nominations.'),(368,240,'Planet of the Apes',1968,'03 Apr 1968',112,'An astronaut crew crash lands on a planet in the distant future where intelligent talking apes are the dominant species, and humans are the oppressed and enslaved.','http://ia.media-imdb.com/images/M/MV5BMTg0NjUwMzg5NF5BMl5BanBnXkFtZTgwNDQ0NjcwMTE@._V1_SX300.jpg','English','Nominated for 2 Oscars. Another 4 wins & 1 nomination.'),(369,146,'Badlands',1973,'05 Jan 1974',94,'An impressionable teen girl from a dead-end town and her older greaser boyfriend go on a killing spree in the South Dakota badlands.','http://ia.media-imdb.com/images/M/MV5BMTI3ODUzMDA0MV5BMl5BanBnXkFtZTYwMjUxMTY5._V1_SX300.jpg','English, Spanish','Nominated for 1 BAFTA Film Award. Another 3 wins.'),(370,241,'Paris, Texas',1984,'19 Sep 1984',147,'A man wanders out of the desert after a four year absence. His brother finds him, and together they return to L.A. to reunite the man with his young son. Soon after, he and the boy set out ...','http://ia.media-imdb.com/images/M/MV5BMTUzMjU2MTA0MV5BMl5BanBnXkFtZTcwNjI2NzE5Mg@@._V1_SX300.jpg','English','Nominated for 1 Golden Globe. Another 15 wins & 8 nominations.'),(371,189,'Blade Runner',1982,'25 Jun 1982',117,'A blade runner must pursue and try to terminate four replicants who stole a ship in space and have returned to Earth to find their creator.','http://ia.media-imdb.com/images/M/MV5BMTA4MDQxNTk2NDheQTJeQWpwZ15BbWU3MDE2NjIyODk@._V1_SX300.jpg','English, German, Cantonese, Japanese, Hungarian','Nominated for 2 Oscars. Another 11 wins & 16 nominations.'),(372,17,'The Departed',2006,'06 Oct 2006',151,'An undercover cop and a mole in the police attempt to identify each other while infiltrating an Irish gang in South Boston.','http://ia.media-imdb.com/images/M/MV5BMTI1MTY2OTIxNV5BMl5BanBnXkFtZTYwNjQ4NjY3._V1_SX300.jpg','English, Cantonese','Won 4 Oscars. Another 90 wins & 122 nominations.'),(373,242,'Kind Hearts and Coronets',1949,'14 Jun 1950',106,'A distant poor relative of the Duke of D\'Ascoyne plots to inherit the title by murdering the eight other heirs who stand ahead of him in the line of succession.','http://ia.media-imdb.com/images/M/MV5BMTUyMzg2MTQ2NV5BMl5BanBnXkFtZTcwMTQxODEzMQ@@._V1._CR10,26,332,469_SY132_CR2,0,89,132_AL_.jpg_V1_SX300.jpg','English','Nominated for 1 BAFTA Film Award. Another 3 wins & 2 nominations.'),(374,68,'Raising Arizona',1987,'17 Apr 1987',94,'When a childless couple of an ex-con and an ex-cop decide to help themselves to one of another family\'s quintupelets, their lives get more complicated than they anticipated.','http://ia.media-imdb.com/images/M/MV5BMTg0NjYzOTUzNF5BMl5BanBnXkFtZTcwODkyMDMyMQ@@._V1_SX300.jpg','English','4 nominations.'),(375,243,'The Lion King',1994,'24 Jun 1994',89,'Lion cub and future king Simba searches for his identity. His eagerness to please others and penchant for testing his boundaries sometimes gets him into trouble.','http://ia.media-imdb.com/images/M/MV5BMjEyMzgwNTUzMl5BMl5BanBnXkFtZTcwNTMxMzM3Ng@@._V1_SX300.jpg','English, Swahili, Xhosa, Zulu','Won 2 Oscars. Another 28 wins & 26 nominations.'),(376,244,'The Incredibles',2004,'05 Nov 2004',115,'A family of undercover superheroes, while trying to live the quiet suburban life, are forced into action to save the world.','http://ia.media-imdb.com/images/M/MV5BMTY5OTU0OTc2NV5BMl5BanBnXkFtZTcwMzU4MDcyMQ@@._V1_SX300.jpg','English, French','Won 2 Oscars. Another 59 wins & 53 nominations.'),(377,245,'V for Vendetta',2005,'17 Mar 2006',132,'In a future British tyranny, a shadowy freedom fighter, known only by the alias of \"V\", plots to overthrow it with the help of a young woman.','http://ia.media-imdb.com/images/M/MV5BOTI5ODc3NzExNV5BMl5BanBnXkFtZTcwNzYxNzQzMw@@._V1_SX300.jpg','English','7 wins & 27 nominations.'),(378,1,'The Green Mile',1999,'10 Dec 1999',189,'The lives of guards on Death Row are affected by one of their charges: a black man accused of child murder and rape, yet who has a mysterious gift.','http://ia.media-imdb.com/images/M/MV5BMTUxMzQyNjA5MF5BMl5BanBnXkFtZTYwOTU2NTY3._V1_SX300.jpg','English, French','Nominated for 4 Oscars. Another 14 wins & 30 nominations.'),(379,246,'Sawdust and Tinsel',1953,'09 Apr 1956',93,'While traveling in caravan through the country of Sweden, one member of the decadent Alberti Circus tells the owner and ringmaster Albert Johansson a sad story about the clown Frost: seven ...','http://ia.media-imdb.com/images/M/MV5BMTIxMzk2MDkzN15BMl5BanBnXkFtZTcwMDg5NjE1MQ@@._V1_SX300.jpg','Swedish','N/A'),(380,247,'Enter the Dragon',1973,'19 Aug 1973',102,'A martial artist agrees to spy on a reclusive crime lord using his invitation to a tournament there as cover.','http://ia.media-imdb.com/images/M/MV5BMTI0Mjg5MjgwNV5BMl5BanBnXkFtZTYwNjE1NjU5._V1_SX300.jpg','English, Cantonese','1 win.'),(381,248,'Solaris',1972,'20 Mar 1972',167,'A psychologist is sent to a station orbiting a distant planet in order to discover what has caused the crew to go insane.','http://ia.media-imdb.com/images/M/MV5BMjAyNjQwMjc5Nl5BMl5BanBnXkFtZTgwOTk4MjI2MTE@._V1_SX300.jpg','Russian, German','2 wins & 4 nominations.'),(382,249,'The Tree of Wooden Clogs',1978,'01 Jun 1979',186,'The life inside a farm in Italy at the beginning of the century. Many poor country families live there, and the owner pays them by their productivity. One of the families has a very clever ...','http://ia.media-imdb.com/images/M/MV5BMTExNzQxMzE5ODheQTJeQWpwZ15BbWU3MDIzMjg1MjE@._V1_SX300.jpg','Italian','17 wins & 1 nomination.'),(383,250,'Men in Black',1997,'02 Jul 1997',98,'A police officer joins a secret organization that polices and monitors extra terrestrial interactions on planet earth.','http://ia.media-imdb.com/images/M/MV5BNzA2MzI5Nzc0N15BMl5BanBnXkFtZTcwODE2NDU2MQ@@._V1_SX300.jpg','English, Spanish','Won 1 Oscar. Another 18 wins & 39 nominations.'),(384,251,'Leave Her to Heaven',1945,'20 Dec 1945',110,'A writer meets a young socialite on board a train. The two fall in love and are married soon after, but her obsessive love for him threatens to be the undoing of both them and everyone else around them.','http://ia.media-imdb.com/images/M/MV5BMjA4NzQ5ODc2OF5BMl5BanBnXkFtZTgwNDA0OTgwMzE@._V1._CR11,9,333,483_SY132_CR1,0,89,132_AL_.jpg_V1_SX300.jpg','English','Won 1 Oscar. Another 4 nominations.'),(385,32,'The Conversation',1974,'01 Jun 1974',113,'A paranoid, secretive surveillance expert has a crisis of conscience when he suspects that a couple he is spying on will be murdered.','http://ia.media-imdb.com/images/M/MV5BMjY0NjYzNjkwNF5BMl5BanBnXkFtZTcwNTk3MzU3Mg@@._V1_SX300.jpg','English','Nominated for 3 Oscars. Another 14 wins & 13 nominations.'),(386,252,'The Battle of Algiers',1966,'20 Sep 1967',121,'In the 1950s, fear and violence escalate as the people of Algiers fight for independence from the French government.','http://ia.media-imdb.com/images/M/MV5BMTIzMjI1OTQxNV5BMl5BanBnXkFtZTcwMzc3NTYyMQ@@._V1_SX300.jpg','French, Arabic, English','Nominated for 3 Oscars. Another 9 wins & 5 nominations.'),(387,253,'The Fountain',2001,'N/A',15,'After discovering a mysterious fountain in his greenhouse, Artie Banks gives some of the magical water to his bedridden wife. Artie must then deal with the consequences of the powers of the...','http://ia.media-imdb.com/images/M/MV5BMTY5NDgwMzY1Nl5BMl5BanBnXkFtZTcwMzI0NjQ2MQ@@._V1_SX300.jpg','English','3 wins.'),(388,254,'The Lost Boys',1987,'31 Jul 1987',97,'After moving to a new town, two brothers discover that the area is a haven for vampires.','http://ia.media-imdb.com/images/M/MV5BMjE2NTAxNDM5OV5BMl5BanBnXkFtZTgwMjg0NzQxMTE@._V1_SX300.jpg','English','3 wins & 5 nominations.'),(389,91,'Russian Ark',2002,'19 Apr 2003',99,'A 19th century French aristocrat, notorious for his scathing memoirs about life in Russia, travels through the Russian State Hermitage Museum and encounters historical figures from the last 200+ years.','http://ia.media-imdb.com/images/M/MV5BMjEyNDEwOTU0NV5BMl5BanBnXkFtZTYwNjk0NTk5._V1_SX300.jpg','Russian, Persian','10 wins & 14 nominations.'),(390,22,'Die Hard',1988,'20 Jul 1988',131,'John McClane, officer of the NYPD, tries to save his wife Holly Gennaro and several others that were taken hostage by German terrorist Hans Gruber during a Christmas party at the Nakatomi Plaza in Los Angeles.','http://ia.media-imdb.com/images/M/MV5BMTY4ODM0OTc2M15BMl5BanBnXkFtZTcwNzE0MTk3OA@@._V1_SX300.jpg','English, German, Italian','Nominated for 4 Oscars. Another 6 wins & 2 nominations.'),(391,72,'Kill Bill: Vol. 1',2003,'10 Oct 2003',111,'The Bride wakens from a four-year coma. The child she carried in her womb is gone. Now she must wreak vengeance on the team of assassins who betrayed her - a team she was once part of.','http://ia.media-imdb.com/images/M/MV5BMTU1NDg1Mzg4M15BMl5BanBnXkFtZTYwMDExOTc3._V1_SX300.jpg','English, Japanese, French','Nominated for 1 Golden Globe. Another 24 wins & 81 nominations.'),(392,255,'The Secret Life of Walter Mitty',1947,'01 Sep 1947',110,'A clumsy daydreamer gets caught up in a sinister conspiracy.','http://ia.media-imdb.com/images/M/MV5BMTQzOTUwNjk3NV5BMl5BanBnXkFtZTgwODk0MDgyMTE@._V1_SX300.jpg','English, French, German','N/A'),(393,256,'Point Break',1991,'12 Jul 1991',122,'An FBI agent goes undercover to catch a gang of surfers who may be bank robbers.','http://ia.media-imdb.com/images/M/MV5BMTIwNTk1MTgxMF5BMl5BanBnXkFtZTcwODI4NDUzMQ@@._V1_SX300.jpg','English','1 win & 2 nominations.'),(394,72,'Kill Bill: Vol. 2',2004,'16 Apr 2004',137,'The Bride continues her quest of vengeance against her former boss and lover Bill, the reclusive bouncer Budd and the treacherous, one-eyed Elle.','http://ia.media-imdb.com/images/M/MV5BMTIwNzQ3MDIxMV5BMl5BanBnXkFtZTcwMDIxMzUyMQ@@._V1_SX300.jpg','English, Cantonese, Mandarin, Spanish','Nominated for 2 Golden Globes. Another 19 wins & 71 nominations.'),(395,233,'Dawn of the Dead',1978,'24 May 1979',127,'Following an ever-growing epidemic of zombies that have risen from the dead, two Philadelphia S.W.A.T. team members, a traffic reporter, and his television executive girlfriend seek refuge in a secluded shopping mall.','http://ia.media-imdb.com/images/M/MV5BMjE1NzI5OTA1OF5BMl5BanBnXkFtZTcwMjg1MDUyMQ@@._V1_SX300.jpg','English','2 wins & 2 nominations.'),(396,257,'Airplane!',1980,'02 Jul 1980',88,'A man afraid to fly must ensure that a plane lands safely after the pilots become sick.','http://ia.media-imdb.com/images/M/MV5BNDU2MjE4MTcwNl5BMl5BanBnXkFtZTgwNDExOTMxMDE@._V1_SX300.jpg','English','Nominated for 1 Golden Globe. Another 2 wins & 6 nominations.'),(397,258,'The Shop Around the Corner',1940,'12 Jan 1940',99,'Two employees at a gift shop can barely stand one another, without realizing that they\'re falling in love through the post as each other\'s anonymous pen pal.','http://ia.media-imdb.com/images/M/MV5BMjI3ODcwODcwOF5BMl5BanBnXkFtZTgwMTgwMDI0MjE@._V1_SX300.jpg','English','1 win.'),(398,100,'The Truman Show',1998,'05 Jun 1998',103,'An insurance salesman/adjuster discovers his entire life is actually a T.V. show.','http://ia.media-imdb.com/images/M/MV5BMTg4NTU3NTAyMF5BMl5BanBnXkFtZTgwNjYwNzc3NjE@._V1_SX300.jpg','English','Nominated for 3 Oscars. Another 37 wins & 65 nominations.'),(399,120,'Spider-Man',2002,'03 May 2002',121,'When bitten by a genetically modified spider, a nerdy, shy, and awkward high school student gains spider-like abilities that he eventually must use to fight evil as a superhero after tragedy befalls his family.','http://ia.media-imdb.com/images/M/MV5BMzk3MTE5MDU5NV5BMl5BanBnXkFtZTYwMjY3NTY3._V1_SX300.jpg','English','Nominated for 2 Oscars. Another 14 wins & 56 nominations.'),(400,5,'Mike Leigh on Secrets and Lies',1996,'N/A',5,'N/A','N/A','English','N/A'),(401,259,'The Great Silence',1968,'19 Nov 1968',105,'A mute gunfighter defends a young widow and a group of outlaws against a gang of bounty killers in the winter of 1898, and a grim, tense struggle unfolds.','http://ia.media-imdb.com/images/M/MV5BMTMyNTI4NTUyOV5BMl5BanBnXkFtZTcwMzU1NjQyMQ@@._V1_SX300.jpg','Italian','N/A'),(402,260,'The Wizard of Oz',1939,'25 Aug 1939',102,'Dorothy Gale is swept away to a magical land in a tornado and embarks on a quest to see the Wizard who can help her return home.','http://ia.media-imdb.com/images/M/MV5BMTU0MTA2OTIwNF5BMl5BanBnXkFtZTcwMzA0Njk3OA@@._V1_SX300.jpg','English','Won 2 Oscars. Another 7 wins & 13 nominations.'),(403,17,'Raging Bull',1980,'19 Dec 1980',129,'An emotionally self-destructive boxer\'s journey through life, as the violence and temper that leads him to the top in the ring, destroys his life outside it.','http://ia.media-imdb.com/images/M/MV5BMjIxOTg3OTc5MF5BMl5BanBnXkFtZTcwNzkwNjMwNA@@._V1_SX300.jpg','English','Won 2 Oscars. Another 23 wins & 24 nominations.'),(404,261,'Midnight Run',1988,'20 Jul 1988',126,'An accountant is chased by bounty hunters, the FBI, and the Mafia after jumping bail.','http://ia.media-imdb.com/images/M/MV5BMTg0MTg2NTgyM15BMl5BanBnXkFtZTcwMzI3ODMyMQ@@._V1_SX300.jpg','English','Nominated for 2 Golden Globes. Another 2 wins & 1 nomination.'),(405,262,'The Gold Rush',1925,'N/A',95,'A prospector goes to the Klondike in search of gold and finds it and more.','http://ia.media-imdb.com/images/M/MV5BMzYzMDQyNzA4NV5BMl5BanBnXkFtZTYwNDU5NDU5._V1_SX300.jpg','English','Nominated for 2 Oscars. Another 3 wins & 1 nomination.'),(406,184,'Unfaithfully Yours',1948,'10 Dec 1948',105,'Set to music, a symphony conductor envisions multiple possible scenarios for dealing with his wife\'s infidelity.','http://ia.media-imdb.com/images/M/MV5BMTgwNzM2OTM4NF5BMl5BanBnXkFtZTcwMDQ3ODkyMQ@@._V1_SX300.jpg','English','N/A'),(407,6,'United 93',2006,'28 Apr 2006',111,'A real-time account of the events on United Flight 93, one of the planes hijacked on September eleventh, 2001, that crashed near Shanksville, Pennsylvania when passengers foiled the terrorist plot.','http://ia.media-imdb.com/images/M/MV5BMTI1Nzc3NjAwOF5BMl5BanBnXkFtZTcwNzYzMjYzMQ@@._V1_SX300.jpg','English, Arabic, German','Nominated for 2 Oscars. Another 27 wins & 45 nominations.'),(408,263,'Together',2000,'21 Sep 2001',106,'Elisabeth leaves her abusive and drunken husband Rolf, she packs her bags, takes the kids and goes to her brother Göran. The year is 1975 and Göran lives in a commune called Together. ...','http://ia.media-imdb.com/images/M/MV5BMTA2MTM2MzQ1NDdeQTJeQWpwZ15BbWU3MDQwMTQ2NzQ@._V1_SX300.jpg','Swedish','14 wins & 14 nominations.'),(409,69,'The Elephant Man',1980,'10 Oct 1980',124,'A Victorian surgeon rescues a heavily disfigured man who is mistreated while scraping a living as a side-show freak. Behind his monstrous facade, there is revealed a person of intelligence and sensitivity.','http://ia.media-imdb.com/images/M/MV5BMTExNTk0MjIzNDZeQTJeQWpwZ15BbWU3MDY5ODI5Nzg@._V1_SX300.jpg','English','Nominated for 8 Oscars. Another 10 wins & 14 nominations.'),(410,264,'American History X',1998,'20 Nov 1998',119,'A former neo-nazi skinhead tries to prevent his younger brother from going down the same wrong path that he did.','http://ia.media-imdb.com/images/M/MV5BMjMzNDUwNTIyMF5BMl5BanBnXkFtZTcwNjMwNDg3OA@@._V1_SX300.jpg','English','Nominated for 1 Oscar. Another 4 wins & 13 nominations.'),(411,35,'Zelig',1983,'15 Jul 1983',79,'\"Documentary\" about a man who can look and act like whoever he\'s around, and meets various famous people.','http://ia.media-imdb.com/images/M/MV5BMTI2Njk0Nzk4MV5BMl5BanBnXkFtZTcwMDM4NDMyMQ@@._V1_SX300.jpg','English, German','Nominated for 2 Oscars. Another 6 wins & 14 nominations.');
/*!40000 ALTER TABLE `movies` ENABLE KEYS */;
UNLOCK TABLES;

--
-- Table structure for table `users`
--

DROP TABLE IF EXISTS `users`;
/*!40101 SET @saved_cs_client     = @@character_set_client */;
/*!40101 SET character_set_client = utf8 */;
CREATE TABLE `users` (
  `id` int(11) NOT NULL,
  `user` text,
  `pass` text
) ENGINE=InnoDB DEFAULT CHARSET=latin1;
/*!40101 SET character_set_client = @saved_cs_client */;

--
-- Dumping data for table `users`
--

LOCK TABLES `users` WRITE;
/*!40000 ALTER TABLE `users` DISABLE KEYS */;
INSERT INTO `users` VALUES (0,'elinformaticomx','123'),(1,'donoe1985','jashdjlñah2384sd');
/*!40000 ALTER TABLE `users` ENABLE KEYS */;
UNLOCK TABLES;

--
-- Table structure for table `writers`
--

DROP TABLE IF EXISTS `writers`;
/*!40101 SET @saved_cs_client     = @@character_set_client */;
/*!40101 SET character_set_client = utf8 */;
CREATE TABLE `writers` (
  `wrt_id` bigint(20) NOT NULL AUTO_INCREMENT,
  `wrt_name` text NOT NULL,
  PRIMARY KEY (`wrt_id`)
) ENGINE=InnoDB AUTO_INCREMENT=954 DEFAULT CHARSET=latin1;
/*!40101 SET character_set_client = @saved_cs_client */;

--
-- Dumping data for table `writers`
--

LOCK TABLES `writers` WRITE;
/*!40000 ALTER TABLE `writers` DISABLE KEYS */;
INSERT INTO `writers` VALUES (1,'Stephen King (short story \"Rita Hayworth and Shawshank Redemption\")'),(2,'Frank Darabont (screenplay)'),(3,'Stanley Kubrick (screenplay)'),(4,'Anthony Burgess (novel)'),(5,'Garon Tsuchiya (story)'),(6,'Nobuaki Minegishi (comic)'),(7,'Chan-wook Park (screenplay)'),(8,'Chun-hyeong Lim (screenplay)'),(9,'Jo-yun Hwang (screenplay)'),(10,'Joon-hyung Lim'),(11,'Theodore Dreiser (novel)'),(12,'Patrick Kearney (play)'),(13,'Michael Wilson (screenplay)'),(14,'Harry Brown (screenplay)'),(15,'N/A'),(16,'Robert Ludlum (novel)'),(17,'Tony Gilroy (screenplay)'),(18,'Larry Clemmons (story)'),(19,'Ralph Wright (story)'),(20,'Ken Anderson (story)'),(21,'Vance Gerry (story)'),(22,'Rudyard Kipling (inspired by the Mowgli stories)'),(23,'John Waters'),(24,'James Cameron'),(25,'Donald Ogden Stewart (screen play)'),(26,'Philip Barry (based on the play by)'),(27,'Lew Wallace (novel)'),(28,'Karl Tunberg (screenplay)'),(29,'George Lucas'),(30,'Cristi Puiu'),(31,'Razvan Radulescu'),(32,'David Mamet (play)'),(33,'David Mamet (screenplay)'),(34,'Reginald Rose (story)'),(35,'Reginald Rose (screenplay)'),(36,'Irvine Welsh (novel)'),(37,'John Hodge (screenplay)'),(38,'Martin Scorsese (screenplay)'),(39,'Mardik Martin (screenplay)'),(40,'Martin Scorsese (story)'),(41,'Davis Grubb (from the novel by)'),(42,'James Agee (screen play)'),(43,'Nick Hornby (book)'),(44,'D.V. DeVincentis (screenplay)'),(45,'Steve Pink (screenplay)'),(46,'John Cusack (screenplay)'),(47,'Scott Rosenberg (screenplay)'),(48,'Robert Alan Aurthur'),(49,'Bob Fosse'),(50,'James Ashmore Creelman (screen play)'),(51,'Ruth Rose (screen play)'),(52,'Merian C. Cooper (from an idea conceived by)'),(53,'Edgar Wallace (from an idea conceived by)'),(54,'Jim Thomas'),(55,'John Thomas'),(56,'James Dearden (screenplay)'),(57,'James Dearden (short film)'),(58,'Roberto Orci (screenplay)'),(59,'Alex Kurtzman (screenplay)'),(60,'John Rogers (story)'),(61,'Roberto Orci (story)'),(62,'Alex Kurtzman (story)'),(63,'Charlie Kaufman'),(64,'Angela Giussani (story)'),(65,'Luciana Giussani (story)'),(66,'Arduino Maiuri (story)'),(67,'Adriano Baracco (story)'),(68,'Arduino Maiuri (screenplay)'),(69,'Brian Degas (screenplay)'),(70,'Tudor Gates (screenplay)'),(71,'Mario Bava (screenplay)'),(72,'Florian Henckel von Donnersmarck'),(73,'Chuck Palahniuk (novel)'),(74,'Jim Uhls (screenplay)'),(75,'Edgar Wright'),(76,'Simon Pegg'),(77,'Roger Ebert (screenplay)'),(78,'Roger Ebert (story)'),(79,'Russ Meyer (story)'),(80,'Akira Kurosawa (screenplay)'),(81,'Shinobu Hashimoto (screenplay)'),(82,'Hideo Oguni (screenplay)'),(83,'Francis Ford Coppola (screenplay)'),(84,'Mario Puzo (screenplay)'),(85,'Mario Puzo (novel)'),(86,'Larry Gelbart (screenplay)'),(87,'Murray Schisgal (screenplay)'),(88,'Don McGuire (story)'),(89,'Larry Gelbart (story)'),(90,'Leigh Whannell'),(91,'James Wan (story)'),(92,'Leigh Whannell (story)'),(93,'Woody Allen'),(94,'Giuseppe Tomasi di Lampedusa (novel)'),(95,'Suso Cecchi D\'Amico (screenplay)'),(96,'Pasquale Festa Campanile (screenplay)'),(97,'Enrico Medioli (screenplay)'),(98,'Massimo Franciosa (screenplay)'),(99,'Luchino Visconti (screenplay)'),(100,'Alan Parker'),(101,'Daphne Du Maurier (celebrated novel)'),(102,'Robert E. Sherwood (screen play)'),(103,'Joan Harrison (screen play)'),(104,'Philip MacDonald (adaptation)'),(105,'Michael Hogan (adaptation)'),(106,'Federico Fellini (story)'),(107,'Ennio Flaiano (story)'),(108,'Tullio Pinelli (story)'),(109,'Federico Fellini (screenplay)'),(110,'Ennio Flaiano (screenplay)'),(111,'Tullio Pinelli (screenplay)'),(112,'Brunello Rondi (contributing writer)'),(113,'Frank S. Nugent (screenplay)'),(114,'Alan Le May (from the novel by)'),(115,'Harry Julian Fink (screenplay)'),(116,'Rita M. Fink (screenplay)'),(117,'Dean Riesner (screenplay)'),(118,'Harry Julian Fink (story)'),(119,'Rita M. Fink (story)'),(120,'Joseph Stefano (screenplay)'),(121,'Robert Bloch (novel)'),(122,'Stewart Stern (screen play)'),(123,'Irving Shulman (adaptation)'),(124,'Nicholas Ray (from a story by)'),(125,'Neal Purvis (screenplay)'),(126,'Robert Wade (screenplay)'),(127,'Paul Haggis (screenplay)'),(128,'Ian Fleming (novel)'),(129,'Harper Lee (based on her novel \"To Kill a Mockingbird\")'),(130,'Horton Foote (screenplay)'),(131,'Cameron Crowe'),(132,'Mitch Markowitz'),(133,'Robert Boris (screenplay)'),(134,'Robert Boris (story)'),(135,'Rupert Hitzig (story)'),(136,'Mike Leigh'),(137,'Enrique Pineda Barnet'),(138,'Evgeniy Evtushenko'),(139,'Waldo Salt (screenplay)'),(140,'James Leo Herlihy (based on the novel by)'),(141,'Arthur C. Clarke (screenplay)'),(142,'John Prebble (original screenplay)'),(143,'Cy Endfield (original screenplay)'),(144,'John Prebble (suggested by an article written by)'),(145,'Mark Fergus (screenplay)'),(146,'Hawk Ostby (screenplay)'),(147,'Art Marcum (screenplay)'),(148,'Matt Holloway (screenplay)'),(149,'Stan Lee (characters)'),(150,'Don Heck (characters)'),(151,'Larry Lieber (characters)'),(152,'Jack Kirby (characters)'),(153,'Graham Chapman'),(154,'John Cleese'),(155,'Eric Idle'),(156,'Terry Gilliam'),(157,'Terry Jones'),(158,'Michael Palin'),(159,'Tom Jankiewicz (story)'),(160,'Tom Jankiewicz (screenplay)'),(161,'Ernest Tidyman (screenplay)'),(162,'Robin Moore (based on the book by)'),(163,'Sergio Donati (screenplay)'),(164,'Sergio Leone (screenplay)'),(165,'Dario Argento (from a story by)'),(166,'Bernardo Bertolucci (from a story by)'),(167,'Sergio Leone (from a story by)'),(168,'Ian McLellan Hunter (screenplay)'),(169,'John Dighton (screenplay)'),(170,'Dalton Trumbo (screenplay)'),(171,'Dalton Trumbo (story)'),(172,'John Woo'),(173,'Robert Towne'),(174,'Warren Beatty'),(175,'Jim Cash'),(176,'Jack Epps Jr.'),(177,'Ehud Yonay (magazine article \"Top Guns\")'),(178,'William Goldman (book)'),(179,'William Goldman (screenplay)'),(180,'Donald Cammell'),(181,'Rex Pickett (novel)'),(182,'Alexander Payne (screenplay)'),(183,'Jim Taylor (screenplay)'),(184,'William Hanna'),(185,'Joseph Barbera'),(186,'John Logan (screenplay)'),(187,'Hugh Wheeler (musical)'),(188,'Christopher Bond (musical adaptation)'),(189,'Baz Luhrmann'),(190,'Craig Pearce'),(191,'Edward Neumeier'),(192,'Michael Miner'),(193,'Tom Perrotta (novel)'),(194,'Gustav Hasford (novel)'),(195,'Michael Herr (screenplay)'),(196,'Gustav Hasford (screenplay)'),(197,'Julius J. Epstein (screenplay)'),(198,'Philip G. Epstein (screenplay)'),(199,'Howard Koch (screenplay)'),(200,'Murray Burnett (play)'),(201,'Joan Alison (play)'),(202,'John Michael Hayes (screenplay)'),(203,'Cornell Woolrich (based on the short story by)'),(204,'Ethan Coen'),(205,'Joel Coen'),(206,'David Lynch'),(207,'Mark Peploe (story)'),(208,'Mark Peploe (screenplay)'),(209,'Peter Wollen (screenplay)'),(210,'Michelangelo Antonioni (screenplay)'),(211,'Miguel De Echarri'),(212,'Gary Ross'),(213,'Anne Spielberg'),(214,'Quentin Tarantino (story)'),(215,'Roger Avary (story)'),(216,'Quentin Tarantino'),(217,'Nicholas St. John'),(218,'Joe Masteroff (based on the musical play \"Cabaret\" book by)'),(219,'John Van Druten (based on the play by)'),(220,'Christopher Isherwood (stories)'),(221,'Jay Presson Allen (screenplay)'),(222,'Wes Anderson'),(223,'Owen Wilson'),(224,'Luis Alcoriza'),(225,'Luis Buñuel'),(226,'Graham Greene (from the novel by)'),(227,'Graham Greene (screenplay)'),(228,'Terence Rattigan (screenplay)'),(229,'Jonathan Nolan (screenplay)'),(230,'Christopher Nolan (screenplay)'),(231,'Christopher Priest (novel)'),(232,'Quentin Tarantino (written for the screen by)'),(233,'Elmore Leonard (novel)'),(234,'Bob Kane (Batman characters)'),(235,'Sam Hamm (story)'),(236,'Sam Hamm (screenplay)'),(237,'Warren Skaaren (screenplay)'),(238,'Winston Groom (novel)'),(239,'Eric Roth (screenplay)'),(240,'Paul Brickhill (book)'),(241,'James Clavell (screenplay)'),(242,'W.R. Burnett (screenplay)'),(243,'Terry Southern (screenplay)'),(244,'Peter George (screenplay)'),(245,'Peter George (based on the book: \"Red Alert\" by)'),(246,'Michael Ondaatje (novel)'),(247,'Anthony Minghella (screenplay)'),(248,'Brad Bird (screenplay)'),(249,'Jan Pinkava (original story)'),(250,'Jim Capobianco (original story by)'),(251,'Brad Bird (original story by)'),(252,'Mike Hodges (screenplay)'),(253,'Ted Lewis (novel)'),(254,'John Huston (screenplay)'),(255,'Dashiell Hammett (based upon the novel by)'),(256,'James R. Webb (screenplay)'),(257,'Sy Bartlett (screenplay)'),(258,'Robert Wilder (screenplay)'),(259,'Jessamyn West (adaptation)'),(260,'Robert Wyler (adaptation)'),(261,'Donald Hamilton (novel)'),(262,'Philippe Djian (novel)'),(263,'Jean-Jacques Beineix'),(264,'Roy Andersson'),(265,'Richard Maibaum (screenplay)'),(266,'Paul Dehn (screenplay)'),(267,'Howard Fast (based on the novel by)'),(268,'Wolfgang Petersen (screenplay)'),(269,'Lothar G. Buchheim (novel)'),(270,'Robert Bresson'),(271,'Zak Penn (story)'),(272,'David Hayter (story)'),(273,'Bryan Singer (story)'),(274,'Michael Dougherty (screenplay)'),(275,'Dan Harris (screenplay)'),(276,'David Hayter (screenplay)'),(277,'Joseph Kessel (novel)'),(278,'Jean-Pierre Melville (adaptation)'),(279,'Yuriy Arabov'),(280,'Penelope Gilliatt (screenplay)'),(281,'B. Traven (based on the novel by)'),(282,'Michael Dougherty (story)'),(283,'Dan Harris (story)'),(284,'Jerry Siegel (characters)'),(285,'Joe Shuster (characters)'),(286,'Paul Morrissey'),(287,'Spike Lee'),(288,'Michael Crichton (novel)'),(289,'Michael Crichton (screenplay)'),(290,'David Koepp (screenplay)'),(291,'Andrew Stanton (original story by)'),(292,'Andrew Stanton (screenplay)'),(293,'Bob Peterson (screenplay)'),(294,'David Reynolds (screenplay)'),(295,'Randall Wallace'),(296,'Joseph L. Mankiewicz (written for the screen by)'),(297,'Edmund Naughton (novel)'),(298,'Robert Altman (screenplay)'),(299,'Brian McKay (screenplay)'),(300,'Hayao Miyazaki'),(301,'David Williamson (screenplay)'),(302,'Peter Weir (screenplay)'),(303,'C.J. Koch (screenplay)'),(304,'C.J. Koch (novel)'),(305,'Dan Aykroyd'),(306,'John Landis'),(307,'Marshall Brickman'),(308,'Julio Alejandro'),(309,'Richard Linklater'),(310,'Georges Arnaud (novel)'),(311,'Henri-Georges Clouzot (adaptation)'),(312,'Jérôme Géronimi (adaptation)'),(313,'Pierre Lesou (based on the novel by)'),(314,'Ted Elliott (screen story)'),(315,'Terry Rossio (screen story)'),(316,'Stuart Beattie (screen story)'),(317,'Jay Wolpert (screen story)'),(318,'Ted Elliott (screenplay)'),(319,'Terry Rossio (screenplay)'),(320,'Jim Jacobs (original musical)'),(321,'Warren Casey (original musical)'),(322,'Bronte Woodard (screenplay)'),(323,'Allan Carr (adaptation)'),(324,'Jeffrey Eugenides (novel)'),(325,'Sofia Coppola'),(326,'John Milius'),(327,'Francis Ford Coppola'),(328,'Michael Herr (narration)'),(329,'Vasilis Vasilikos (novel)'),(330,'Jorge Semprún'),(331,'Samuel G. Engel (screen play)'),(332,'Winston Miller (screen play)'),(333,'Sam Hellman (from a story by)'),(334,'Stuart N. Lake (based on a book by)'),(335,'Christopher McQuarrie'),(336,'M. Night Shyamalan'),(337,'Ernest Lehman'),(338,'Nicholas Pileggi (book)'),(339,'Nicholas Pileggi (screenplay)'),(340,'William Shakespeare (play)'),(341,'Craig Pearce (screenplay)'),(342,'Baz Luhrmann (screenplay)'),(343,'William Roberts (screenplay)'),(344,'Hubert Selby Jr. (based on the book by)'),(345,'Hubert Selby Jr. (screenplay)'),(346,'Darren Aronofsky (screenplay)'),(347,'Mathieu Kassovitz'),(348,'Hunter S. Thompson (book)'),(349,'Terry Gilliam (screenplay)'),(350,'Tony Grisoni (screenplay)'),(351,'Tod Davies (screenplay)'),(352,'Alex Cox (screenplay)'),(353,'William Peter Blatty (written for the screen by)'),(354,'William Peter Blatty (novel)'),(355,'Dario Argento'),(356,'Daria Nicolodi'),(357,'Calder Willingham (screenplay)'),(358,'Buck Henry (screenplay)'),(359,'Charles Webb (based on the novel by)'),(360,'Giuseppe Tornatore (story)'),(361,'Giuseppe Tornatore (screenplay)'),(362,'Vanna Paoli (collaborating writer)'),(363,'Richard Epcar (english version)'),(364,'Lawrence Kasdan (screenplay)'),(365,'George Lucas (screenplay)'),(366,'George Lucas (story)'),(367,'Paul Thomas Anderson'),(368,'Anthony Shaffer (screenplay)'),(369,'Robert Bolt (from the play by)'),(370,'Robert Bolt (screenplay)'),(371,'Akira Kurosawa (story)'),(372,'Ryûzô Kikushima (screenplay)'),(373,'Sam Raimi'),(374,'Ivan Raimi'),(375,'Scott Z. Burns (screenplay)'),(376,'George Nolfi (screenplay)'),(377,'Tony Gilroy (screen story)'),(378,'Mario Puzo'),(379,'John Lasseter (original story by)'),(380,'Pete Docter (original story by)'),(381,'Joe Ranft (original story by)'),(382,'Joss Whedon (screenplay)'),(383,'Joel Cohen (screenplay)'),(384,'Alec Sokolow (screenplay)'),(385,'William Wisher Jr.'),(386,'Stephen King (novel)'),(387,'Lawrence D. Cohen (screenplay)'),(388,'Peter Jackson'),(389,'Tony Hiles (additional material)'),(390,'Ken Hammon (additional material)'),(391,'Charlie Kaufman (story)'),(392,'Michel Gondry (story)'),(393,'Pierre Bismuth (story)'),(394,'Charlie Kaufman (screenplay)'),(395,'Orson Welles (screenplay)'),(396,'Whit Masterson (based on the novel \"Badge Of Evil\" by)'),(397,'Diablo Cody'),(398,'Wes Craven'),(399,'Michael Blake (screenplay)'),(400,'Michael Blake (novel)'),(401,'Akira Kurosawa'),(402,'Shinobu Hashimoto'),(403,'Hideo Oguni'),(404,'Guillermo Arriaga'),(405,'David Lynch (screenplay)'),(406,'Tom Stoppard (screenplay)'),(407,'Charles McKeown (screenplay)'),(408,'Ian McEwan (novel)'),(409,'Christopher Hampton (screenplay)'),(410,'Zack Snyder (screenplay)'),(411,'Kurt Johnstad (screenplay)'),(412,'Michael Gordon (screenplay)'),(413,'Frank Miller (graphic novel)'),(414,'Lynn Varley (graphic novel)'),(415,'Paul Haggis (story)'),(416,'Robert Moresco (screenplay)'),(417,'Steven Spielberg'),(418,'James O\'Barr (comic book series and comic strip)'),(419,'David J. Schow (screenplay)'),(420,'John Shirley (screenplay)'),(421,'Michael Cimino (story)'),(422,'Deric Washburn (story)'),(423,'Louis Garfinkle (story)'),(424,'Quinn K. Redeker (story)'),(425,'Deric Washburn (screenplay)'),(426,'Donn Pearce (screenplay)'),(427,'Frank Pierson (screenplay)'),(428,'Donn Pearce (novel)'),(429,'John Carpenter (screenplay)'),(430,'Debra Hill (screenplay)'),(431,'J.R.R. Tolkien (novel)'),(432,'Fran Walsh (screenplay)'),(433,'Philippa Boyens (screenplay)'),(434,'Peter Jackson (screenplay)'),(435,'Kevin Smith'),(436,'Linda Woolverton (animation screenplay by)'),(437,'Brenda Chapman (story)'),(438,'Chris Sanders (story)'),(439,'Burny Mattinson (story)'),(440,'Kevin Harkey (story)'),(441,'Brian Pimental (story)'),(442,'Bruce Woodside (story)'),(443,'Joe Ranft (story)'),(444,'Tom Ellery (story)'),(445,'Kelly Asbury (story)'),(446,'Robert Lence (story)'),(447,'Budd Schulberg (screenplay)'),(448,'Budd Schulberg (based upon an original story by)'),(449,'Malcolm Johnson (suggested by articles by)'),(450,'Cesare Zavattini (story)'),(451,'Luigi Bartolini (novel)'),(452,'Oreste Biancoli (screenplay)'),(453,'Vittorio De Sica (screenplay)'),(454,'Adolfo Franci (screenplay)'),(455,'Gherardo Gherardi (screenplay)'),(456,'Gerardo Guerrieri (screenplay)'),(457,'Cesare Zavattini (screenplay)'),(458,'Alfonso Cuarón (screenplay)'),(459,'Timothy J. Sexton (screenplay)'),(460,'David Arata (screenplay)'),(461,'P.D. James (novel)'),(462,'Arthur Miller (screenplay)'),(463,'Lilly Wachowski'),(464,'Lana Wachowski'),(465,'Leigh Brackett (screenplay)'),(466,'Raymond Chandler (novel)'),(467,'Jules Furthman (screenplay)'),(468,'B.H. McCampbell (short story)'),(469,'Nina Agadzhanova (script by)'),(470,'Mary Chase (from the Pulitzer Prize Play by)'),(471,'Mary Chase (screenplay)'),(472,'Oscar Brodney (screenplay)'),(473,'James Jones (novel)'),(474,'Terrence Malick (screenplay)'),(475,'John Wagner (graphic novel)'),(476,'Vince Locke (graphic novel)'),(477,'Josh Olson (screenplay)'),(478,'Andrew Dominik (screenplay)'),(479,'Ron Hansen (novel)'),(480,'Mardik Martin (treatment)'),(481,'John Hughes'),(482,'Eleanor Bergstein'),(483,'Thea von Harbou (script)'),(484,'Fritz Lang (script)'),(485,'Víctor Erice (screenplay)'),(486,'Víctor Erice (story)'),(487,'Ángel Fernández Santos (screenplay)'),(488,'Ángel Fernández Santos (story)'),(489,'Francisco J. Querejeta'),(490,'Graham Yost'),(491,'Guy Trosper (screenplay)'),(492,'Nedrick Young (story)'),(493,'Leonard Gershe'),(494,'Rian Johnson'),(495,'Joe Penhall (screenplay)'),(496,'Peter Shaffer (original stage play)'),(497,'Peter Shaffer (original screenplay)'),(498,'Robert Zemeckis (characters)'),(499,'Bob Gale (characters)'),(500,'Robert Zemeckis (story)'),(501,'Bob Gale (story)'),(502,'Bob Gale (screenplay)'),(503,'Willard Huyck (screenplay)'),(504,'Gloria Katz (screenplay)'),(505,'Charles Lederer (screen play)'),(506,'Ben Hecht (from the play \"The Front Page\")'),(507,'Charles MacArthur (from the play \"The Front Page\")'),(508,'Mark Andrus (story)'),(509,'Mark Andrus (screenplay)'),(510,'James L. Brooks (screenplay)'),(511,'Terence Davies'),(512,'John Cassavetes'),(513,'Adolph Green (screenplay)'),(514,'Betty Comden (screenplay)'),(515,'Adolph Green (based upon the musical play whose book was by)'),(516,'Betty Comden (based upon the musical play whose book was by)'),(517,'Jerome Robbins (idea)'),(518,'Annie Proulx (short story)'),(519,'Larry McMurtry (screenplay)'),(520,'Diana Ossana (screenplay)'),(521,'Stacy Peralta'),(522,'Jill Culton (original story by)'),(523,'Jeff Pidgeon (original story by)'),(524,'Ralph Eggleston (original story by)'),(525,'Daniel Gerson (screenplay)'),(526,'J.J. Connolly (screenplay)'),(527,'J.J. Connolly (novel)'),(528,'Oliver Stone (screenplay)'),(529,'Jean-Pierre Melville'),(530,'Gladys Hill (screenplay)'),(531,'Rudyard Kipling (based on the story by)'),(532,'François Truffaut (scenario)'),(533,'Marcel Moussy (adaptation)'),(534,'François Truffaut (adaptation)'),(535,'Marcel Moussy (dialogue)'),(536,'Todd Haynes'),(537,'Kevin Williamson'),(538,'Zachary Sklar (screenplay)'),(539,'Jim Garrison (book)'),(540,'Jim Marrs (book)'),(541,'Steve Barancik'),(542,'Scott Frank (screenplay)'),(543,'Terrence Malick'),(544,'Robert Riskin (screen play)'),(545,'Samuel Hopkins Adams (based on the short story by)'),(546,'Vladimir Moiseenko'),(547,'Aleksandr Novototskiy-Vlasov'),(548,'Steve Gordon'),(549,'Frederic Raphael (screenplay)'),(550,'Frederic Raphael (idea)'),(551,'John Schlesinger (idea)'),(552,'Joseph Janni (idea)'),(553,'Tianji Li'),(554,'Joss Whedon'),(555,'David Veloz (screenplay)'),(556,'Richard Rutowski (screenplay)'),(557,'Billy Wilder (screenplay)'),(558,'I.A.L. Diamond (screenplay)'),(559,'Robert Thoeren (suggested by a story by)'),(560,'Michael Logan (suggested by a story by)'),(561,'Sean Penn (screenplay)'),(562,'Jon Krakauer (book)'),(563,'Anne Rice (screenplay)'),(564,'Anne Rice (novel)'),(565,'Henry James (novel)'),(566,'John Mortimer (additional scenes & dialogue)'),(567,'William Archibald (screenplay)'),(568,'Truman Capote (screenplay)'),(569,'Nora Ephron'),(570,'June Mathis (screen adaptation and scenario)'),(571,'Erich von Stroheim (screen adaptation and scenario)'),(572,'Frank Norris (from the American classic \"McTeague\" by)'),(573,'Albert Hackett (screenplay)'),(574,'Frances Goodrich (screenplay)'),(575,'Dorothy Kingsley (screenplay)'),(576,'Stephen Vincent Benet (story)'),(577,'Hans Christian Andersen (fairy tale)'),(578,'Emeric Pressburger (original screenplay)'),(579,'Keith Winter (additional dialogue)'),(580,'Michael Powell'),(581,'Emeric Pressburger'),(582,'David S. Ward'),(583,'Monckton Hoffe (screen play: based on a story by)'),(584,'Preston Sturges'),(585,'Zach Braff'),(586,'Joel Coen (screenplay)'),(587,'Ethan Coen (screenplay)'),(588,'Cormac McCarthy (novel)'),(589,'Daniel Clowes (comic book)'),(590,'Daniel Clowes'),(591,'Terry Zwigoff'),(592,'Richard Linklater (screenplay)'),(593,'Julie Delpy (screenplay)'),(594,'Ethan Hawke (screenplay)'),(595,'Richard Linklater (story)'),(596,'Kim Krizan (story)'),(597,'Richard Linklater (characters)'),(598,'Kim Krizan (characters)'),(599,'Werner Herzog'),(600,'Oliver Stone'),(601,'Gale Anne Hurd'),(602,'William Wisher Jr. (additional dialogue)'),(603,'Dan O\'Bannon (story)'),(604,'Ronald Shusett (story)'),(605,'Dan O\'Bannon (screenplay)'),(606,'George Clayton Johnson'),(607,'Jack Golden Russell'),(608,'Harry Brown'),(609,'Charles Lederer'),(610,'Ted Griffin (screenplay)'),(611,'Paulo Lins (novel)'),(612,'Bráulio Mantovani (screenplay)'),(613,'Michael Mann'),(614,'Chris Columbus'),(615,'Barry Morrow (story)'),(616,'Ronald Bass (screenplay)'),(617,'Barry Morrow (screenplay)'),(618,'Masato Ide (screenplay)'),(619,'Mike White'),(620,'Jerzy Kosinski (novel)'),(621,'Jerzy Kosinski (screenplay)'),(622,'Peter Benchley (screenplay)'),(623,'Carl Gottlieb (screenplay)'),(624,'Peter Benchley (based on the novel by)'),(625,'Herman J. Mankiewicz (original screen play)'),(626,'Orson Welles (original screen play)'),(627,'Koushun Takami (novel)'),(628,'Kenta Fukasaku (screenplay)'),(629,'Gloria Katz'),(630,'Willard Huyck'),(631,'Michael Sandager'),(632,'Christopher Guest'),(633,'Michael McKean'),(634,'Harry Shearer'),(635,'Rob Reiner'),(636,'Ethel Lina White (based upon the story: \"The Wheel Spins\" by)'),(637,'Sidney Gilliat (screen play)'),(638,'Frank Launder (screen play)'),(639,'Booth Tarkington (from the novel by)'),(640,'Orson Welles (script writer)'),(641,'Margaret Mitchell (story)'),(642,'Sidney Howard (screenplay)'),(643,'Brian De Palma'),(644,'Rumer Godden (adapted from the novel by)'),(645,'W.P. Kinsella (book)'),(646,'Phil Alden Robinson (screenplay)'),(647,'Du Lu Wang (book)'),(648,'Hui-Ling Wang (screenplay)'),(649,'James Schamus (screenplay)'),(650,'Kuo Jung Tsai (screenplay)'),(651,'Will Ferrell'),(652,'Adam McKay'),(653,'Jean-Pierre Jeunet (screenplay)'),(654,'Marc Caro (screenplay)'),(655,'Gilles Adrien (screenplay)'),(656,'Gilles Adrien (dialogue)'),(657,'Jean-Pierre Jeunet (shooting script)'),(658,'Kôgo Noda (scenario)'),(659,'Yasujirô Ozu (scenario)'),(660,'Julie Delpy'),(661,'Bill Forsyth'),(662,'Jean Renoir (scenario & dialogue)'),(663,'Carl Koch (collaborator)'),(664,'Colin Higgins'),(665,'MacKinlay Kantor (from a novel by)'),(666,'Ash Brannon (original story by)'),(667,'Rita Hsiao (screenplay)'),(668,'Doug Chamberlin (screenplay)'),(669,'Chris Webb (screenplay)'),(670,'Alan Ball'),(671,'Mel Brooks (screenplay)'),(672,'Norman Steinberg (screenplay)'),(673,'Andrew Bergman (screenplay)'),(674,'Richard Pryor (screenplay)'),(675,'Alan Uger (screenplay)'),(676,'Andrew Bergman (story)'),(677,'Bret Easton Ellis (novel)'),(678,'Mary Harron (screenplay)'),(679,'Guinevere Turner (screenplay)'),(680,'Eijirô Hisaita (screenplay)'),(681,'Evan Hunter (novel)'),(682,'Thomas Harris (novel)'),(683,'Ted Tally (screenplay)'),(684,'Alec Coppel (screenplay)'),(685,'Samuel A. Taylor (screenplay)'),(686,'Pierre Boileau (novel)'),(687,'Thomas Narcejac (novel)'),(688,'Ben Hecht'),(689,'Clifford Odets (screenplay)'),(690,'Ernest Lehman (screenplay)'),(691,'Ernest Lehman (novel)'),(692,'Raynold Gideon (screenplay)'),(693,'Bruce A. Evans (screenplay)'),(694,'Paul Schrader'),(695,'Raymond Chandler (screenplay)'),(696,'James M. Cain (from the novel by)'),(697,'James Vanderbilt (screenplay)'),(698,'Robert Graysmith (book)'),(699,'Tim Burton (story)'),(700,'Caroline Thompson (story)'),(701,'Caroline Thompson (screenplay)'),(702,'Richard Curtis'),(703,'Sylvester Stallone'),(704,'Alejandro Jodorowsky (story)'),(705,'Roberto Leoni (adaptation)'),(706,'Alejandro Jodorowsky (screenplay)'),(707,'Roberto Leoni (screenplay)'),(708,'Claudio Argento (screenplay)'),(709,'Georges Pellegrin'),(710,'Ryûnosuke Akutagawa (stories)'),(711,'Sôjirô Motoki (developed by)'),(712,'André Devigny (memoir)'),(713,'Robert Bresson (scenario)'),(714,'Robert Bresson (dialogue)'),(715,'Ron Clements (screenplay)'),(716,'John Musker (screenplay)'),(717,'Roger Allers (story)'),(718,'Daan Jippes (story)'),(719,'Sue C. Nichols (story)'),(720,'Francis Glebas (story)'),(721,'Darrell Rooney (story)'),(722,'Larry Leker (story)'),(723,'James Fujii (story)'),(724,'Kirk Hanson (story)'),(725,'Kevin Lima (story)'),(726,'Rebecca Rees (story)'),(727,'David S. Smith (story)'),(728,'Patrick A. Ventura (story)'),(729,'Stan Lee (comic book)'),(730,'Steve Ditko (comic book)'),(731,'Alfred Gough (screen story)'),(732,'Miles Millar (screen story)'),(733,'Michael Chabon (screen story)'),(734,'Alvin Sargent (screenplay)'),(735,'Salvador Dalí (scenario)'),(736,'Luis Buñuel (scenario)'),(737,'Albert Lamorisse'),(738,'Gary K. Wolf (novel)'),(739,'Jeffrey Price (screenplay)'),(740,'Peter S. Seaman (screenplay)'),(741,'Philip Kaufman (story)'),(742,'Ernest Hemingway (novel)'),(743,'Jules Furthman (screen play)'),(744,'William Faulkner (screen play)'),(745,'Drew Goddard'),(746,'David Morrell (novel)'),(747,'Michael Kozoll (screenplay)'),(748,'William Sackheim (screenplay)'),(749,'Sylvester Stallone (screenplay)'),(750,'Jacob Grimm (fairy tales)'),(751,'Wilhelm Grimm (fairy tales)'),(752,'Ted Sears (story)'),(753,'Richard Creedon (story)'),(754,'Otto Englander (story)'),(755,'Dick Rickard (story)'),(756,'Earl Hurd (story)'),(757,'Merrill De Maris (story)'),(758,'Dorothy Ann Blank (story)'),(759,'Webb Smith (story)'),(760,'Forrest Carter (book)'),(761,'Philip Kaufman (screenplay)'),(762,'Sonia Chernus (screenplay)'),(763,'Graham Greene (by)'),(764,'Graham Greene (screen play)'),(765,'Richard Kelly'),(766,'Bob Kane (characters)'),(767,'David S. Goyer (story)'),(768,'David S. Goyer (screenplay)'),(769,'Luchino Visconti (story)'),(770,'Suso Cecchi D\'Amico (story)'),(771,'Vasco Pratolini (story)'),(772,'Giovanni Testori (inspired by episodes in the novel \"Il ponte della Ghisolfa\")'),(773,'Danny Rubin (screenplay)'),(774,'Harold Ramis (screenplay)'),(775,'Danny Rubin (story)'),(776,'Bernd Eichinger (screenplay)'),(777,'Joachim Fest (book)'),(778,'Traudl Junge (book)'),(779,'Melissa Müller (book)'),(780,'John Sayles'),(781,'Katsuhiro Ôtomo (screenplay)'),(782,'Izô Hashimoto (screenplay)'),(783,'Katsuhiro Ôtomo (graphic novel)'),(784,'L. Michael Haller (dialogue)'),(785,'Heidi Wilbur (dialogue)'),(786,'Kevin Seymour (dialogue)'),(787,'Frank Miller (graphic novels)'),(788,'Jane Austen (novel)'),(789,'Emma Thompson (screenplay)'),(790,'Neil LaBute (play)'),(791,'Neil LaBute (screenplay)'),(792,'Diane Johnson (screenplay)'),(793,'Sidney Carroll (screenplay)'),(794,'Robert Rossen (screenplay)'),(795,'Walter Tevis (based on the novel by)'),(796,'James Cameron (story)'),(797,'David Giler (story)'),(798,'Walter Hill (story)'),(799,'Dan O\'Bannon (characters)'),(800,'Ronald Shusett (characters)'),(801,'James Cameron (screenplay)'),(802,'Robert Rodat'),(803,'Bert Kalmar (story)'),(804,'Harry Ruby (story)'),(805,'Arthur Sheekman (additional dialogue)'),(806,'Nat Perrin (additional dialogue)'),(807,'Harold Ramis'),(808,'John A. Russo (screenplay)'),(809,'George A. Romero (screenplay)'),(810,'Steven Spielberg (story)'),(811,'Chris Columbus (screenplay)'),(812,'David Franzoni (story)'),(813,'David Franzoni (screenplay)'),(814,'William Nicholson (screenplay)'),(815,'Seth Rogen'),(816,'Evan Goldberg'),(817,'Jim Thompson (screenplay)'),(818,'Humphrey Cobb (based on the novel \"Paths of Glory\" by)'),(819,'T.E. Lawrence (writings)'),(820,'Abbas Kiarostami'),(821,'Carl Mayer (scenario)'),(822,'Hermann Sudermann (from an original theme by)'),(823,'Katherine Hilliker (titles)'),(824,'H.H. Caldwell (titles)'),(825,'Oscar Fraley (suggested by book)'),(826,'Eliot Ness (suggested by book)'),(827,'David Mamet'),(828,'Billy Wilder'),(829,'Lesser Samuels'),(830,'Walter Newman'),(831,'William Goldman'),(832,'P.F. Kluge (based upon a magazine article by)'),(833,'Thomas Moore (based upon a magazine article by)'),(834,'Kim Krizan'),(835,'J.K. Rowling (novel)'),(836,'Steve Kloves (screenplay)'),(837,'Pierre Boulle (novel)'),(838,'Carl Foreman (screenplay)'),(839,'Walon Green (screenplay)'),(840,'Sam Peckinpah (screenplay)'),(841,'Walon Green (story)'),(842,'Roy N. Sickner (story)'),(843,'Tim Burton (based on: a story and characters by)'),(844,'Michael McDowell (adaptation)'),(845,'Stephen Sinclair (screenplay)'),(846,'Rod Serling (screenplay)'),(847,'L.M. Kit Carson (adaptation)'),(848,'Sam Shepard'),(849,'Hampton Fancher (screenplay)'),(850,'David Webb Peoples (screenplay)'),(851,'Philip K. Dick (novel)'),(852,'William Monahan (screenplay)'),(853,'Alan Mak'),(854,'Felix Chong'),(855,'Roy Horniman (novel)'),(856,'Robert Hamer (screenplay)'),(857,'Irene Mecchi (screenplay)'),(858,'Jonathan Roberts (screenplay)'),(859,'Linda Woolverton (screenplay)'),(860,'Barry Johnson (story)'),(861,'Lorna Cook (story)'),(862,'Thom Enriquez (story)'),(863,'Andy Gaskill (story)'),(864,'Gary Trousdale (story)'),(865,'Jim Capobianco (story)'),(866,'Jorgen Klubien (story)'),(867,'Tom Sito (story)'),(868,'Rick Maki (story)'),(869,'Ed Gombert (story)'),(870,'Mark Kausler (story)'),(871,'J.T. Allen (additional story material)'),(872,'George Scribner (additional story material)'),(873,'Miguel Tejada-Flores (additional story material)'),(874,'Jenny Tripp (additional story material)'),(875,'Bob Tzudiker (additional story material)'),(876,'Christopher Vogler (additional story material)'),(877,'Kirk Wise (additional story material)'),(878,'Noni White (additional story material)'),(879,'Brad Bird'),(880,'Lilly Wachowski (screenplay)'),(881,'Lana Wachowski (screenplay)'),(882,'David Lloyd (graphic novel art)'),(883,'Michael Allin'),(884,'Stanislaw Lem (novel)'),(885,'Fridrikh Gorenshteyn (screenplay)'),(886,'Andrei Tarkovsky (screenplay)'),(887,'Ermanno Olmi'),(888,'Lowell Cunningham (comic)'),(889,'Ed Solomon (screen story)'),(890,'Ed Solomon (screenplay)'),(891,'Jo Swerling (screenplay)'),(892,'Ben Ames Williams (novel)'),(893,'Franco Solinas'),(894,'Franco Solinas (story)'),(895,'Gillo Pontecorvo (story)'),(896,'Julia Fair'),(897,'Joel Moser'),(898,'Thomas D. Moser'),(899,'Jan Fischer (story)'),(900,'James Jeremias (story)'),(901,'Jan Fischer (screenplay)'),(902,'James Jeremias (screenplay)'),(903,'Jeffrey Boam (screenplay)'),(904,'Boris Khaimsky (dialogue)'),(905,'Anatoli Nikiforov'),(906,'Svetlana Proskurina (dialogue)'),(907,'Aleksandr Sokurov (dialogue)'),(908,'Aleksandr Sokurov'),(909,'Roderick Thorp (novel)'),(910,'Jeb Stuart (screenplay)'),(911,'Steven E. de Souza (screenplay)'),(912,'Quentin Tarantino (character The Bride)'),(913,'Uma Thurman (character The Bride)'),(914,'Ken Englund (screen play)'),(915,'Everett Freeman (screen play)'),(916,'James Thurber (from a story by)'),(917,'Rick King (story)'),(918,'W. Peter Iliff (story)'),(919,'W. Peter Iliff (screenplay)'),(920,'George A. Romero'),(921,'Jim Abrahams (written for the screen by)'),(922,'David Zucker (written for the screen by)'),(923,'Jerry Zucker (written for the screen by)'),(924,'Samson Raphaelson (screenplay)'),(925,'Miklós László (based on a play by)'),(926,'Andrew Niccol'),(927,'Stan Lee (Marvel comic book)'),(928,'Steve Ditko (Marvel comic book)'),(929,'Sergio Corbucci (story)'),(930,'Vittoriano Petrilli (screenplay)'),(931,'Mario Amendola (screenplay)'),(932,'Bruno Corbucci (screenplay)'),(933,'Sergio Corbucci (screenplay)'),(934,'John Davis Hart (dialogue: English version)'),(935,'Noel Langley (screenplay)'),(936,'Florence Ryerson (screenplay)'),(937,'Edgar Allan Woolf (screenplay)'),(938,'Noel Langley (adaptation)'),(939,'L. Frank Baum (from the book by)'),(940,'Jake LaMotta (based on the book by)'),(941,'Joseph Carter (with)'),(942,'Peter Savage (with)'),(943,'Paul Schrader (screenplay)'),(944,'George Gallo'),(945,'Charles Chaplin'),(946,'Preston Sturges (original screenplay written by)'),(947,'Paul Greengrass'),(948,'Lukas Moodysson'),(949,'Christopher De Vore (screenplay)'),(950,'Eric Bergren (screenplay)'),(951,'Frederick Treves (book)'),(952,'Ashley Montagu (in part on the book \"The Elephant Man: A Study in Human Dignity\")'),(953,'David McKenna');
/*!40000 ALTER TABLE `writers` ENABLE KEYS */;
UNLOCK TABLES;
/*!40103 SET TIME_ZONE=@OLD_TIME_ZONE */;

/*!40101 SET SQL_MODE=@OLD_SQL_MODE */;
/*!40014 SET FOREIGN_KEY_CHECKS=@OLD_FOREIGN_KEY_CHECKS */;
/*!40014 SET UNIQUE_CHECKS=@OLD_UNIQUE_CHECKS */;
/*!40101 SET CHARACTER_SET_CLIENT=@OLD_CHARACTER_SET_CLIENT */;
/*!40101 SET CHARACTER_SET_RESULTS=@OLD_CHARACTER_SET_RESULTS */;
/*!40101 SET COLLATION_CONNECTION=@OLD_COLLATION_CONNECTION */;
/*!40111 SET SQL_NOTES=@OLD_SQL_NOTES */;

-- Dump completed on 2016-04-28 15:50:47
